absolute_integer_issue_weight_cap,threshold_and_disagreement_point,samples,probability_positive_gain_nbs,probability_any_weak_ir_package,mean_weak_ir_package_count,mean_strict_ir_package_count,p95_strict_ir_package_count,maximum_strict_ir_package_count_found,maximum_weak_ir_package_count_found
0,65.0,1,0.0,0.0,0.0,0.0,0.0,0,0
0,64.0,1,0.0,0.0,0.0,0.0,0.0,0,0
0,63.0,1,0.0,0.0,0.0,0.0,0.0,0,0
0,62.0,1,0.0,0.0,0.0,0.0,0.0,0,0
0,60.0,1,0.0,0.0,0.0,0.0,0.0,0,0
0,58.0,1,0.0,0.0,0.0,0.0,0.0,0,0
0,56.0,1,0.0,0.0,0.0,0.0,0.0,0,0
0,54.0,1,1.0,1.0,3.0,3.0,3.0,3,3
1,65.0,5000,0.0,0.0,0.0,0.0,0.0,0,0
1,64.0,5000,0.0,0.0,0.0,0.0,0.0,0,0
1,63.0,5000,0.0,0.0,0.0,0.0,0.0,0,0
1,62.0,5000,0.0,0.0,0.0,0.0,0.0,0,0
1,60.0,5000,0.0,0.0,0.0,0.0,0.0,0,0
1,58.0,5000,0.0,0.0,0.0,0.0,0.0,0,0
1,56.0,5000,0.106,0.4778,0.8242,0.1604,2.0,3,3
1,54.0,5000,0.9146,0.997,2.8334,2.1564,3.0,3,3
2,65.0,5000,0.0,0.0,0.0,0.0,0.0,0,0
2,64.0,5000,0.0,0.0,0.0,0.0,0.0,0,0
2,63.0,5000,0.0,0.0,0.0,0.0,0.0,0,0
2,62.0,5000,0.0,0.0,0.0,0.0,0.0,0,0
2,60.0,5000,0.0,0.0,0.0,0.0,0.0,0,0
2,58.0,5000,0.0094,0.0546,0.1078,0.0168,0.0,2,2
2,56.0,5000,0.1968,0.5378,0.9952,0.3648,2.0,3,3
2,54.0,5000,0.8926,0.9942,2.6788,1.9876,3.0,3,6
3,65.0,5000,0.0,0.0,0.0,0.0,0.0,0,0
3,64.0,5000,0.0,0.0,0.0,0.0,0.0,0,0
3,63.0,5000,0.0,0.0,0.0,0.0,0.0,0,0
3,62.0,5000,0.0,0.0,0.0,0.0,0.0,0,0
3,60.0,5000,0.0004,0.009,0.013,0.0006,0.0,2,2
3,58.0,5000,0.0446,0.1254,0.23,0.0766,0.0,2,3
3,56.0,5000,0.3274,0.607,1.13,0.5798,2.0,3,5
3,54.0,5000,0.8586,0.9716,2.7738,1.9062,3.0,8,10
4,65.0,5000,0.0,0.0,0.0,0.0,0.0,0,0
4,64.0,5000,0.0,0.0,0.0,0.0,0.0,0,0
4,63.0,5000,0.0,0.0,0.0,0.0,0.0,0,0
4,62.0,5000,0.0,0.0004,0.0004,0.0,0.0,0,1
4,60.0,5000,0.007,0.0286,0.0398,0.0086,0.0,2,2
4,58.0,5000,0.0736,0.1776,0.299,0.1194,1.0,2,5
4,56.0,5000,0.38,0.6262,1.2036,0.663,2.0,5,8
4,54.0,5000,0.8338,0.9532,2.9776,1.968,4.0,10,15
5,65.0,5000,0.0,0.0,0.0,0.0,0.0,0,0
5,64.0,5000,0.0,0.0,0.0,0.0,0.0,0,0
5,63.0,5000,0.0,0.0018,0.002,0.0,0.0,0,2
5,62.0,5000,0.0018,0.0062,0.0078,0.002,0.0,2,2
5,60.0,5000,0.0194,0.0478,0.0654,0.0248,0.0,2,2
5,58.0,5000,0.104,0.2346,0.3796,0.1558,2.0,3,4
5,56.0,5000,0.418,0.624,1.2826,0.7518,3.0,7,8
5,54.0,5000,0.807,0.9244,3.1646,2.0452,5.0,12,17
6,65.0,5000,0.0,0.0,0.0,0.0,0.0,0,0
6,64.0,5000,0.0,0.0004,0.0004,0.0,0.0,0,1
6,63.0,5000,0.0004,0.003,0.0036,0.0004,0.0,1,2
6,62.0,5000,0.003,0.0102,0.012,0.0036,0.0,2,2
6,60.0,5000,0.0256,0.0642,0.0926,0.0364,0.0,2,3
6,58.0,5000,0.1408,0.2624,0.4314,0.2162,2.0,5,6
6,56.0,5000,0.4302,0.621,1.3402,0.776,3.0,9,11
6,54.0,5000,0.7922,0.914,3.503,2.204,6.0,18,22
7,65.0,5000,0.0,0.0006,0.0008,0.0,0.0,0,2
7,64.0,5000,0.0006,0.0026,0.003,0.0008,0.0,2,2
7,63.0,5000,0.0026,0.0072,0.009,0.003,0.0,2,2
7,62.0,5000,0.0072,0.015,0.019,0.009,0.0,2,2
7,60.0,5000,0.033,0.0832,0.1218,0.0452,0.0,3,3
7,58.0,5000,0.1692,0.2952,0.4954,0.2634,2.0,5,7
7,56.0,5000,0.4538,0.6196,1.4806,0.896,3.0,9,14
7,54.0,5000,0.7734,0.8872,3.717,2.4018,7.0,17,23
8,65.0,5000,0.0002,0.0014,0.0014,0.0002,0.0,1,1
8,64.0,5000,0.0014,0.003,0.0032,0.0014,0.0,1,2
8,63.0,5000,0.003,0.01,0.0118,0.0032,0.0,2,2
8,62.0,5000,0.01,0.0208,0.0266,0.0118,0.0,2,3
8,60.0,5000,0.0496,0.1062,0.1608,0.0684,0.0,3,5
8,58.0,5000,0.1866,0.3122,0.5732,0.3076,2.0,9,9
8,56.0,5000,0.4628,0.6186,1.6226,0.9938,4.0,17,26
8,54.0,5000,0.767,0.8736,4.069,2.6076,8.0,26,32
9,65.0,5000,0.0016,0.0038,0.0044,0.0016,0.0,1,2
9,64.0,5000,0.0038,0.0088,0.0108,0.0044,0.0,2,2
9,63.0,5000,0.0088,0.0172,0.0218,0.0108,0.0,2,3
9,62.0,5000,0.0172,0.0342,0.0462,0.0218,0.0,3,3
9,60.0,5000,0.0712,0.1306,0.2022,0.0982,1.0,3,9
9,58.0,5000,0.2162,0.3306,0.6548,0.3682,2.0,10,13
9,56.0,5000,0.4746,0.624,1.8152,1.1346,4.0,16,20
9,54.0,5000,0.7644,0.871,4.3396,2.825,9.0,24,28
10,65.0,5000,0.0022,0.0032,0.0038,0.0024,0.0,2,2
10,64.0,5000,0.0032,0.0098,0.0122,0.0038,0.0,2,2
10,63.0,5000,0.0098,0.0212,0.0264,0.0122,0.0,2,3
10,62.0,5000,0.0212,0.0406,0.0526,0.0264,0.0,3,4
10,60.0,5000,0.0808,0.1454,0.2388,0.1172,1.0,5,8
10,58.0,5000,0.237,0.3528,0.7662,0.4348,2.0,12,13
10,56.0,5000,0.4854,0.6256,2.0118,1.2566,5.0,17,23
10,54.0,5000,0.7488,0.8498,4.7346,3.0986,10.0,25,37
