package,Food Safety Authorities,Food industry,Consumers,Environmental NGOs,minimum_utility,total_utility,individually_rational_at_65,nash_product,pareto_efficient
"A1, B1, C1, D1, E1",25.0,65.0,70.0,25.0,25.0,185.0,False,,False
"A1, B1, C1, D1, E2",30.0,45.0,65.0,50.0,30.0,190.0,False,,False
"A1, B1, C1, D1, E3",35.0,45.0,60.0,40.0,35.0,180.0,False,,False
"A1, B1, C1, D2, E1",30.0,65.0,65.0,25.0,25.0,185.0,False,,False
"A1, B1, C1, D2, E2",35.0,45.0,60.0,50.0,35.0,190.0,False,,False
"A1, B1, C1, D2, E3",40.0,45.0,55.0,40.0,40.0,180.0,False,,False
"A1, B1, C1, D3, E1",15.0,60.0,65.0,25.0,15.0,165.0,False,,False
"A1, B1, C1, D3, E2",20.0,40.0,60.0,50.0,20.0,170.0,False,,False
"A1, B1, C1, D3, E3",25.0,40.0,55.0,40.0,25.0,160.0,False,,False
"A1, B1, C1, D4, E1",10.0,55.0,65.0,25.0,10.0,155.0,False,,False
"A1, B1, C1, D4, E2",15.0,35.0,60.0,50.0,15.0,160.0,False,,False
"A1, B1, C1, D4, E3",20.0,35.0,55.0,40.0,20.0,150.0,False,,False
"A1, B1, C2, D1, E1",25.0,95.0,50.0,25.0,25.0,195.0,False,,False
"A1, B1, C2, D1, E2",30.0,75.0,45.0,50.0,30.0,200.0,False,,False
"A1, B1, C2, D1, E3",35.0,75.0,40.0,40.0,35.0,190.0,False,,False
"A1, B1, C2, D2, E1",30.0,95.0,45.0,25.0,25.0,195.0,False,,False
"A1, B1, C2, D2, E2",35.0,75.0,40.0,50.0,35.0,200.0,False,,False
"A1, B1, C2, D2, E3",40.0,75.0,35.0,40.0,35.0,190.0,False,,False
"A1, B1, C2, D3, E1",15.0,90.0,45.0,25.0,15.0,175.0,False,,False
"A1, B1, C2, D3, E2",20.0,70.0,40.0,50.0,20.0,180.0,False,,False
"A1, B1, C2, D3, E3",25.0,70.0,35.0,40.0,25.0,170.0,False,,False
"A1, B1, C2, D4, E1",10.0,85.0,45.0,25.0,10.0,165.0,False,,False
"A1, B1, C2, D4, E2",15.0,65.0,40.0,50.0,15.0,170.0,False,,False
"A1, B1, C2, D4, E3",20.0,65.0,35.0,40.0,20.0,160.0,False,,False
"A1, B1, C3, D1, E1",15.0,95.0,40.0,35.0,15.0,185.0,False,,False
"A1, B1, C3, D1, E2",20.0,75.0,35.0,60.0,20.0,190.0,False,,False
"A1, B1, C3, D1, E3",25.0,75.0,30.0,50.0,25.0,180.0,False,,False
"A1, B1, C3, D2, E1",20.0,95.0,35.0,35.0,20.0,185.0,False,,False
"A1, B1, C3, D2, E2",25.0,75.0,30.0,60.0,25.0,190.0,False,,False
"A1, B1, C3, D2, E3",30.0,75.0,25.0,50.0,25.0,180.0,False,,False
"A1, B1, C3, D3, E1",5.0,90.0,35.0,35.0,5.0,165.0,False,,False
"A1, B1, C3, D3, E2",10.0,70.0,30.0,60.0,10.0,170.0,False,,False
"A1, B1, C3, D3, E3",15.0,70.0,25.0,50.0,15.0,160.0,False,,False
"A1, B1, C3, D4, E1",0.0,85.0,35.0,35.0,0.0,155.0,False,,False
"A1, B1, C3, D4, E2",5.0,65.0,30.0,60.0,5.0,160.0,False,,False
"A1, B1, C3, D4, E3",10.0,65.0,25.0,50.0,10.0,150.0,False,,False
"A1, B1, C4, D1, E1",20.0,95.0,60.0,40.0,20.0,215.0,False,,False
"A1, B1, C4, D1, E2",25.0,75.0,55.0,65.0,25.0,220.0,False,,False
"A1, B1, C4, D1, E3",30.0,75.0,50.0,55.0,30.0,210.0,False,,False
"A1, B1, C4, D2, E1",25.0,95.0,55.0,40.0,25.0,215.0,False,,False
"A1, B1, C4, D2, E2",30.0,75.0,50.0,65.0,30.0,220.0,False,,False
"A1, B1, C4, D2, E3",35.0,75.0,45.0,55.0,35.0,210.0,False,,False
"A1, B1, C4, D3, E1",10.0,90.0,55.0,40.0,10.0,195.0,False,,False
"A1, B1, C4, D3, E2",15.0,70.0,50.0,65.0,15.0,200.0,False,,False
"A1, B1, C4, D3, E3",20.0,70.0,45.0,55.0,20.0,190.0,False,,False
"A1, B1, C4, D4, E1",5.0,85.0,55.0,40.0,5.0,185.0,False,,False
"A1, B1, C4, D4, E2",10.0,65.0,50.0,65.0,10.0,190.0,False,,False
"A1, B1, C4, D4, E3",15.0,65.0,45.0,55.0,15.0,180.0,False,,False
"A1, B1, C5, D1, E1",25.0,75.0,55.0,35.0,25.0,190.0,False,,False
"A1, B1, C5, D1, E2",30.0,55.0,50.0,60.0,30.0,195.0,False,,False
"A1, B1, C5, D1, E3",35.0,55.0,45.0,50.0,35.0,185.0,False,,False
"A1, B1, C5, D2, E1",30.0,75.0,50.0,35.0,30.0,190.0,False,,False
"A1, B1, C5, D2, E2",35.0,55.0,45.0,60.0,35.0,195.0,False,,False
"A1, B1, C5, D2, E3",40.0,55.0,40.0,50.0,40.0,185.0,False,,False
"A1, B1, C5, D3, E1",15.0,70.0,50.0,35.0,15.0,170.0,False,,False
"A1, B1, C5, D3, E2",20.0,50.0,45.0,60.0,20.0,175.0,False,,False
"A1, B1, C5, D3, E3",25.0,50.0,40.0,50.0,25.0,165.0,False,,False
"A1, B1, C5, D4, E1",10.0,65.0,50.0,35.0,10.0,160.0,False,,False
"A1, B1, C5, D4, E2",15.0,45.0,45.0,60.0,15.0,165.0,False,,False
"A1, B1, C5, D4, E3",20.0,45.0,40.0,50.0,20.0,155.0,False,,False
"A1, B2, C1, D1, E1",45.0,65.0,65.0,25.0,25.0,200.0,False,,False
"A1, B2, C1, D1, E2",50.0,45.0,60.0,50.0,45.0,205.0,False,,False
"A1, B2, C1, D1, E3",55.0,45.0,55.0,40.0,40.0,195.0,False,,False
"A1, B2, C1, D2, E1",50.0,65.0,60.0,25.0,25.0,200.0,False,,False
"A1, B2, C1, D2, E2",55.0,45.0,55.0,50.0,45.0,205.0,False,,False
"A1, B2, C1, D2, E3",60.0,45.0,50.0,40.0,40.0,195.0,False,,False
"A1, B2, C1, D3, E1",35.0,60.0,60.0,25.0,25.0,180.0,False,,False
"A1, B2, C1, D3, E2",40.0,40.0,55.0,50.0,40.0,185.0,False,,False
"A1, B2, C1, D3, E3",45.0,40.0,50.0,40.0,40.0,175.0,False,,False
"A1, B2, C1, D4, E1",30.0,55.0,60.0,25.0,25.0,170.0,False,,False
"A1, B2, C1, D4, E2",35.0,35.0,55.0,50.0,35.0,175.0,False,,False
"A1, B2, C1, D4, E3",40.0,35.0,50.0,40.0,35.0,165.0,False,,False
"A1, B2, C2, D1, E1",45.0,95.0,45.0,25.0,25.0,210.0,False,,False
"A1, B2, C2, D1, E2",50.0,75.0,40.0,50.0,40.0,215.0,False,,False
"A1, B2, C2, D1, E3",55.0,75.0,35.0,40.0,35.0,205.0,False,,False
"A1, B2, C2, D2, E1",50.0,95.0,40.0,25.0,25.0,210.0,False,,True
"A1, B2, C2, D2, E2",55.0,75.0,35.0,50.0,35.0,215.0,False,,False
"A1, B2, C2, D2, E3",60.0,75.0,30.0,40.0,30.0,205.0,False,,True
"A1, B2, C2, D3, E1",35.0,90.0,40.0,25.0,25.0,190.0,False,,False
"A1, B2, C2, D3, E2",40.0,70.0,35.0,50.0,35.0,195.0,False,,False
"A1, B2, C2, D3, E3",45.0,70.0,30.0,40.0,30.0,185.0,False,,False
"A1, B2, C2, D4, E1",30.0,85.0,40.0,25.0,25.0,180.0,False,,False
"A1, B2, C2, D4, E2",35.0,65.0,35.0,50.0,35.0,185.0,False,,False
"A1, B2, C2, D4, E3",40.0,65.0,30.0,40.0,30.0,175.0,False,,False
"A1, B2, C3, D1, E1",35.0,95.0,35.0,35.0,35.0,200.0,False,,False
"A1, B2, C3, D1, E2",40.0,75.0,30.0,60.0,30.0,205.0,False,,False
"A1, B2, C3, D1, E3",45.0,75.0,25.0,50.0,25.0,195.0,False,,False
"A1, B2, C3, D2, E1",40.0,95.0,30.0,35.0,30.0,200.0,False,,False
"A1, B2, C3, D2, E2",45.0,75.0,25.0,60.0,25.0,205.0,False,,False
"A1, B2, C3, D2, E3",50.0,75.0,20.0,50.0,20.0,195.0,False,,False
"A1, B2, C3, D3, E1",25.0,90.0,30.0,35.0,25.0,180.0,False,,False
"A1, B2, C3, D3, E2",30.0,70.0,25.0,60.0,25.0,185.0,False,,False
"A1, B2, C3, D3, E3",35.0,70.0,20.0,50.0,20.0,175.0,False,,False
"A1, B2, C3, D4, E1",20.0,85.0,30.0,35.0,20.0,170.0,False,,False
"A1, B2, C3, D4, E2",25.0,65.0,25.0,60.0,25.0,175.0,False,,False
"A1, B2, C3, D4, E3",30.0,65.0,20.0,50.0,20.0,165.0,False,,False
"A1, B2, C4, D1, E1",40.0,95.0,55.0,40.0,40.0,230.0,False,,True
"A1, B2, C4, D1, E2",45.0,75.0,50.0,65.0,45.0,235.0,False,,True
"A1, B2, C4, D1, E3",50.0,75.0,45.0,55.0,45.0,225.0,False,,False
"A1, B2, C4, D2, E1",45.0,95.0,50.0,40.0,40.0,230.0,False,,True
"A1, B2, C4, D2, E2",50.0,75.0,45.0,65.0,45.0,235.0,False,,True
"A1, B2, C4, D2, E3",55.0,75.0,40.0,55.0,40.0,225.0,False,,True
"A1, B2, C4, D3, E1",30.0,90.0,50.0,40.0,30.0,210.0,False,,False
"A1, B2, C4, D3, E2",35.0,70.0,45.0,65.0,35.0,215.0,False,,False
"A1, B2, C4, D3, E3",40.0,70.0,40.0,55.0,40.0,205.0,False,,False
"A1, B2, C4, D4, E1",25.0,85.0,50.0,40.0,25.0,200.0,False,,False
"A1, B2, C4, D4, E2",30.0,65.0,45.0,65.0,30.0,205.0,False,,False
"A1, B2, C4, D4, E3",35.0,65.0,40.0,55.0,35.0,195.0,False,,False
"A1, B2, C5, D1, E1",45.0,75.0,50.0,35.0,35.0,205.0,False,,False
"A1, B2, C5, D1, E2",50.0,55.0,45.0,60.0,45.0,210.0,False,,False
"A1, B2, C5, D1, E3",55.0,55.0,40.0,50.0,40.0,200.0,False,,False
"A1, B2, C5, D2, E1",50.0,75.0,45.0,35.0,35.0,205.0,False,,False
"A1, B2, C5, D2, E2",55.0,55.0,40.0,60.0,40.0,210.0,False,,False
"A1, B2, C5, D2, E3",60.0,55.0,35.0,50.0,35.0,200.0,False,,False
"A1, B2, C5, D3, E1",35.0,70.0,45.0,35.0,35.0,185.0,False,,False
"A1, B2, C5, D3, E2",40.0,50.0,40.0,60.0,40.0,190.0,False,,False
"A1, B2, C5, D3, E3",45.0,50.0,35.0,50.0,35.0,180.0,False,,False
"A1, B2, C5, D4, E1",30.0,65.0,45.0,35.0,30.0,175.0,False,,False
"A1, B2, C5, D4, E2",35.0,45.0,40.0,60.0,35.0,180.0,False,,False
"A1, B2, C5, D4, E3",40.0,45.0,35.0,50.0,35.0,170.0,False,,False
"A1, B3, C1, D1, E1",30.0,70.0,60.0,35.0,30.0,195.0,False,,False
"A1, B3, C1, D1, E2",35.0,50.0,55.0,60.0,35.0,200.0,False,,False
"A1, B3, C1, D1, E3",40.0,50.0,50.0,50.0,40.0,190.0,False,,False
"A1, B3, C1, D2, E1",35.0,70.0,55.0,35.0,35.0,195.0,False,,False
"A1, B3, C1, D2, E2",40.0,50.0,50.0,60.0,40.0,200.0,False,,False
"A1, B3, C1, D2, E3",45.0,50.0,45.0,50.0,45.0,190.0,False,,False
"A1, B3, C1, D3, E1",20.0,65.0,55.0,35.0,20.0,175.0,False,,False
"A1, B3, C1, D3, E2",25.0,45.0,50.0,60.0,25.0,180.0,False,,False
"A1, B3, C1, D3, E3",30.0,45.0,45.0,50.0,30.0,170.0,False,,False
"A1, B3, C1, D4, E1",15.0,60.0,55.0,35.0,15.0,165.0,False,,False
"A1, B3, C1, D4, E2",20.0,40.0,50.0,60.0,20.0,170.0,False,,False
"A1, B3, C1, D4, E3",25.0,40.0,45.0,50.0,25.0,160.0,False,,False
"A1, B3, C2, D1, E1",30.0,100.0,40.0,35.0,30.0,205.0,False,,False
"A1, B3, C2, D1, E2",35.0,80.0,35.0,60.0,35.0,210.0,False,,False
"A1, B3, C2, D1, E3",40.0,80.0,30.0,50.0,30.0,200.0,False,,False
"A1, B3, C2, D2, E1",35.0,100.0,35.0,35.0,35.0,205.0,False,,True
"A1, B3, C2, D2, E2",40.0,80.0,30.0,60.0,30.0,210.0,False,,False
"A1, B3, C2, D2, E3",45.0,80.0,25.0,50.0,25.0,200.0,False,,True
"A1, B3, C2, D3, E1",20.0,95.0,35.0,35.0,20.0,185.0,False,,False
"A1, B3, C2, D3, E2",25.0,75.0,30.0,60.0,25.0,190.0,False,,False
"A1, B3, C2, D3, E3",30.0,75.0,25.0,50.0,25.0,180.0,False,,False
"A1, B3, C2, D4, E1",15.0,90.0,35.0,35.0,15.0,175.0,False,,False
"A1, B3, C2, D4, E2",20.0,70.0,30.0,60.0,20.0,180.0,False,,False
"A1, B3, C2, D4, E3",25.0,70.0,25.0,50.0,25.0,170.0,False,,False
"A1, B3, C3, D1, E1",20.0,100.0,30.0,45.0,20.0,195.0,False,,False
"A1, B3, C3, D1, E2",25.0,80.0,25.0,70.0,25.0,200.0,False,,False
"A1, B3, C3, D1, E3",30.0,80.0,20.0,60.0,20.0,190.0,False,,False
"A1, B3, C3, D2, E1",25.0,100.0,25.0,45.0,25.0,195.0,False,,False
"A1, B3, C3, D2, E2",30.0,80.0,20.0,70.0,20.0,200.0,False,,False
"A1, B3, C3, D2, E3",35.0,80.0,15.0,60.0,15.0,190.0,False,,False
"A1, B3, C3, D3, E1",10.0,95.0,25.0,45.0,10.0,175.0,False,,False
"A1, B3, C3, D3, E2",15.0,75.0,20.0,70.0,15.0,180.0,False,,False
"A1, B3, C3, D3, E3",20.0,75.0,15.0,60.0,15.0,170.0,False,,False
"A1, B3, C3, D4, E1",5.0,90.0,25.0,45.0,5.0,165.0,False,,False
"A1, B3, C3, D4, E2",10.0,70.0,20.0,70.0,10.0,170.0,False,,False
"A1, B3, C3, D4, E3",15.0,70.0,15.0,60.0,15.0,160.0,False,,False
"A1, B3, C4, D1, E1",25.0,100.0,50.0,50.0,25.0,225.0,False,,True
"A1, B3, C4, D1, E2",30.0,80.0,45.0,75.0,30.0,230.0,False,,True
"A1, B3, C4, D1, E3",35.0,80.0,40.0,65.0,35.0,220.0,False,,False
"A1, B3, C4, D2, E1",30.0,100.0,45.0,50.0,30.0,225.0,False,,True
"A1, B3, C4, D2, E2",35.0,80.0,40.0,75.0,35.0,230.0,False,,True
"A1, B3, C4, D2, E3",40.0,80.0,35.0,65.0,35.0,220.0,False,,True
"A1, B3, C4, D3, E1",15.0,95.0,45.0,50.0,15.0,205.0,False,,False
"A1, B3, C4, D3, E2",20.0,75.0,40.0,75.0,20.0,210.0,False,,False
"A1, B3, C4, D3, E3",25.0,75.0,35.0,65.0,25.0,200.0,False,,False
"A1, B3, C4, D4, E1",10.0,90.0,45.0,50.0,10.0,195.0,False,,False
"A1, B3, C4, D4, E2",15.0,70.0,40.0,75.0,15.0,200.0,False,,False
"A1, B3, C4, D4, E3",20.0,70.0,35.0,65.0,20.0,190.0,False,,False
"A1, B3, C5, D1, E1",30.0,80.0,45.0,45.0,30.0,200.0,False,,False
"A1, B3, C5, D1, E2",35.0,60.0,40.0,70.0,35.0,205.0,False,,False
"A1, B3, C5, D1, E3",40.0,60.0,35.0,60.0,35.0,195.0,False,,False
"A1, B3, C5, D2, E1",35.0,80.0,40.0,45.0,35.0,200.0,False,,False
"A1, B3, C5, D2, E2",40.0,60.0,35.0,70.0,35.0,205.0,False,,True
"A1, B3, C5, D2, E3",45.0,60.0,30.0,60.0,30.0,195.0,False,,False
"A1, B3, C5, D3, E1",20.0,75.0,40.0,45.0,20.0,180.0,False,,False
"A1, B3, C5, D3, E2",25.0,55.0,35.0,70.0,25.0,185.0,False,,False
"A1, B3, C5, D3, E3",30.0,55.0,30.0,60.0,30.0,175.0,False,,False
"A1, B3, C5, D4, E1",15.0,70.0,40.0,45.0,15.0,170.0,False,,False
"A1, B3, C5, D4, E2",20.0,50.0,35.0,70.0,20.0,175.0,False,,False
"A1, B3, C5, D4, E3",25.0,50.0,30.0,60.0,25.0,165.0,False,,False
"A1, B4, C1, D1, E1",25.0,70.0,50.0,35.0,25.0,180.0,False,,False
"A1, B4, C1, D1, E2",30.0,50.0,45.0,60.0,30.0,185.0,False,,False
"A1, B4, C1, D1, E3",35.0,50.0,40.0,50.0,35.0,175.0,False,,False
"A1, B4, C1, D2, E1",30.0,70.0,45.0,35.0,30.0,180.0,False,,False
"A1, B4, C1, D2, E2",35.0,50.0,40.0,60.0,35.0,185.0,False,,False
"A1, B4, C1, D2, E3",40.0,50.0,35.0,50.0,35.0,175.0,False,,False
"A1, B4, C1, D3, E1",15.0,65.0,45.0,35.0,15.0,160.0,False,,False
"A1, B4, C1, D3, E2",20.0,45.0,40.0,60.0,20.0,165.0,False,,False
"A1, B4, C1, D3, E3",25.0,45.0,35.0,50.0,25.0,155.0,False,,False
"A1, B4, C1, D4, E1",10.0,60.0,45.0,35.0,10.0,150.0,False,,False
"A1, B4, C1, D4, E2",15.0,40.0,40.0,60.0,15.0,155.0,False,,False
"A1, B4, C1, D4, E3",20.0,40.0,35.0,50.0,20.0,145.0,False,,False
"A1, B4, C2, D1, E1",25.0,100.0,30.0,35.0,25.0,190.0,False,,False
"A1, B4, C2, D1, E2",30.0,80.0,25.0,60.0,25.0,195.0,False,,False
"A1, B4, C2, D1, E3",35.0,80.0,20.0,50.0,20.0,185.0,False,,False
"A1, B4, C2, D2, E1",30.0,100.0,25.0,35.0,25.0,190.0,False,,False
"A1, B4, C2, D2, E2",35.0,80.0,20.0,60.0,20.0,195.0,False,,False
"A1, B4, C2, D2, E3",40.0,80.0,15.0,50.0,15.0,185.0,False,,False
"A1, B4, C2, D3, E1",15.0,95.0,25.0,35.0,15.0,170.0,False,,False
"A1, B4, C2, D3, E2",20.0,75.0,20.0,60.0,20.0,175.0,False,,False
"A1, B4, C2, D3, E3",25.0,75.0,15.0,50.0,15.0,165.0,False,,False
"A1, B4, C2, D4, E1",10.0,90.0,25.0,35.0,10.0,160.0,False,,False
"A1, B4, C2, D4, E2",15.0,70.0,20.0,60.0,15.0,165.0,False,,False
"A1, B4, C2, D4, E3",20.0,70.0,15.0,50.0,15.0,155.0,False,,False
"A1, B4, C3, D1, E1",15.0,100.0,20.0,45.0,15.0,180.0,False,,False
"A1, B4, C3, D1, E2",20.0,80.0,15.0,70.0,15.0,185.0,False,,False
"A1, B4, C3, D1, E3",25.0,80.0,10.0,60.0,10.0,175.0,False,,False
"A1, B4, C3, D2, E1",20.0,100.0,15.0,45.0,15.0,180.0,False,,False
"A1, B4, C3, D2, E2",25.0,80.0,10.0,70.0,10.0,185.0,False,,False
"A1, B4, C3, D2, E3",30.0,80.0,5.0,60.0,5.0,175.0,False,,False
"A1, B4, C3, D3, E1",5.0,95.0,15.0,45.0,5.0,160.0,False,,False
"A1, B4, C3, D3, E2",10.0,75.0,10.0,70.0,10.0,165.0,False,,False
"A1, B4, C3, D3, E3",15.0,75.0,5.0,60.0,5.0,155.0,False,,False
"A1, B4, C3, D4, E1",0.0,90.0,15.0,45.0,0.0,150.0,False,,False
"A1, B4, C3, D4, E2",5.0,70.0,10.0,70.0,5.0,155.0,False,,False
"A1, B4, C3, D4, E3",10.0,70.0,5.0,60.0,5.0,145.0,False,,False
"A1, B4, C4, D1, E1",20.0,100.0,40.0,50.0,20.0,210.0,False,,False
"A1, B4, C4, D1, E2",25.0,80.0,35.0,75.0,25.0,215.0,False,,False
"A1, B4, C4, D1, E3",30.0,80.0,30.0,65.0,30.0,205.0,False,,False
"A1, B4, C4, D2, E1",25.0,100.0,35.0,50.0,25.0,210.0,False,,False
"A1, B4, C4, D2, E2",30.0,80.0,30.0,75.0,30.0,215.0,False,,False
"A1, B4, C4, D2, E3",35.0,80.0,25.0,65.0,25.0,205.0,False,,False
"A1, B4, C4, D3, E1",10.0,95.0,35.0,50.0,10.0,190.0,False,,False
"A1, B4, C4, D3, E2",15.0,75.0,30.0,75.0,15.0,195.0,False,,False
"A1, B4, C4, D3, E3",20.0,75.0,25.0,65.0,20.0,185.0,False,,False
"A1, B4, C4, D4, E1",5.0,90.0,35.0,50.0,5.0,180.0,False,,False
"A1, B4, C4, D4, E2",10.0,70.0,30.0,75.0,10.0,185.0,False,,False
"A1, B4, C4, D4, E3",15.0,70.0,25.0,65.0,15.0,175.0,False,,False
"A1, B4, C5, D1, E1",25.0,80.0,35.0,45.0,25.0,185.0,False,,False
"A1, B4, C5, D1, E2",30.0,60.0,30.0,70.0,30.0,190.0,False,,False
"A1, B4, C5, D1, E3",35.0,60.0,25.0,60.0,25.0,180.0,False,,False
"A1, B4, C5, D2, E1",30.0,80.0,30.0,45.0,30.0,185.0,False,,False
"A1, B4, C5, D2, E2",35.0,60.0,25.0,70.0,25.0,190.0,False,,False
"A1, B4, C5, D2, E3",40.0,60.0,20.0,60.0,20.0,180.0,False,,False
"A1, B4, C5, D3, E1",15.0,75.0,30.0,45.0,15.0,165.0,False,,False
"A1, B4, C5, D3, E2",20.0,55.0,25.0,70.0,20.0,170.0,False,,False
"A1, B4, C5, D3, E3",25.0,55.0,20.0,60.0,20.0,160.0,False,,False
"A1, B4, C5, D4, E1",10.0,70.0,30.0,45.0,10.0,155.0,False,,False
"A1, B4, C5, D4, E2",15.0,50.0,25.0,70.0,15.0,160.0,False,,False
"A1, B4, C5, D4, E3",20.0,50.0,20.0,60.0,20.0,150.0,False,,False
"A1, B5, C1, D1, E1",25.0,60.0,55.0,60.0,25.0,200.0,False,,False
"A1, B5, C1, D1, E2",30.0,40.0,50.0,85.0,30.0,205.0,False,,False
"A1, B5, C1, D1, E3",35.0,40.0,45.0,75.0,35.0,195.0,False,,False
"A1, B5, C1, D2, E1",30.0,60.0,50.0,60.0,30.0,200.0,False,,False
"A1, B5, C1, D2, E2",35.0,40.0,45.0,85.0,35.0,205.0,False,,False
"A1, B5, C1, D2, E3",40.0,40.0,40.0,75.0,40.0,195.0,False,,False
"A1, B5, C1, D3, E1",15.0,55.0,50.0,60.0,15.0,180.0,False,,False
"A1, B5, C1, D3, E2",20.0,35.0,45.0,85.0,20.0,185.0,False,,False
"A1, B5, C1, D3, E3",25.0,35.0,40.0,75.0,25.0,175.0,False,,False
"A1, B5, C1, D4, E1",10.0,50.0,50.0,60.0,10.0,170.0,False,,False
"A1, B5, C1, D4, E2",15.0,30.0,45.0,85.0,15.0,175.0,False,,False
"A1, B5, C1, D4, E3",20.0,30.0,40.0,75.0,20.0,165.0,False,,False
"A1, B5, C2, D1, E1",25.0,90.0,35.0,60.0,25.0,210.0,False,,False
"A1, B5, C2, D1, E2",30.0,70.0,30.0,85.0,30.0,215.0,False,,False
"A1, B5, C2, D1, E3",35.0,70.0,25.0,75.0,25.0,205.0,False,,False
"A1, B5, C2, D2, E1",30.0,90.0,30.0,60.0,30.0,210.0,False,,True
"A1, B5, C2, D2, E2",35.0,70.0,25.0,85.0,25.0,215.0,False,,False
"A1, B5, C2, D2, E3",40.0,70.0,20.0,75.0,20.0,205.0,False,,True
"A1, B5, C2, D3, E1",15.0,85.0,30.0,60.0,15.0,190.0,False,,False
"A1, B5, C2, D3, E2",20.0,65.0,25.0,85.0,20.0,195.0,False,,False
"A1, B5, C2, D3, E3",25.0,65.0,20.0,75.0,20.0,185.0,False,,False
"A1, B5, C2, D4, E1",10.0,80.0,30.0,60.0,10.0,180.0,False,,False
"A1, B5, C2, D4, E2",15.0,60.0,25.0,85.0,15.0,185.0,False,,False
"A1, B5, C2, D4, E3",20.0,60.0,20.0,75.0,20.0,175.0,False,,False
"A1, B5, C3, D1, E1",15.0,90.0,25.0,70.0,15.0,200.0,False,,False
"A1, B5, C3, D1, E2",20.0,70.0,20.0,95.0,20.0,205.0,False,,False
"A1, B5, C3, D1, E3",25.0,70.0,15.0,85.0,15.0,195.0,False,,False
"A1, B5, C3, D2, E1",20.0,90.0,20.0,70.0,20.0,200.0,False,,False
"A1, B5, C3, D2, E2",25.0,70.0,15.0,95.0,15.0,205.0,False,,False
"A1, B5, C3, D2, E3",30.0,70.0,10.0,85.0,10.0,195.0,False,,False
"A1, B5, C3, D3, E1",5.0,85.0,20.0,70.0,5.0,180.0,False,,False
"A1, B5, C3, D3, E2",10.0,65.0,15.0,95.0,10.0,185.0,False,,False
"A1, B5, C3, D3, E3",15.0,65.0,10.0,85.0,10.0,175.0,False,,False
"A1, B5, C3, D4, E1",0.0,80.0,20.0,70.0,0.0,170.0,False,,False
"A1, B5, C3, D4, E2",5.0,60.0,15.0,95.0,5.0,175.0,False,,False
"A1, B5, C3, D4, E3",10.0,60.0,10.0,85.0,10.0,165.0,False,,False
"A1, B5, C4, D1, E1",20.0,90.0,45.0,75.0,20.0,230.0,False,,True
"A1, B5, C4, D1, E2",25.0,70.0,40.0,100.0,25.0,235.0,False,,True
"A1, B5, C4, D1, E3",30.0,70.0,35.0,90.0,30.0,225.0,False,,False
"A1, B5, C4, D2, E1",25.0,90.0,40.0,75.0,25.0,230.0,False,,True
"A1, B5, C4, D2, E2",30.0,70.0,35.0,100.0,30.0,235.0,False,,True
"A1, B5, C4, D2, E3",35.0,70.0,30.0,90.0,30.0,225.0,False,,True
"A1, B5, C4, D3, E1",10.0,85.0,40.0,75.0,10.0,210.0,False,,False
"A1, B5, C4, D3, E2",15.0,65.0,35.0,100.0,15.0,215.0,False,,False
"A1, B5, C4, D3, E3",20.0,65.0,30.0,90.0,20.0,205.0,False,,False
"A1, B5, C4, D4, E1",5.0,80.0,40.0,75.0,5.0,200.0,False,,False
"A1, B5, C4, D4, E2",10.0,60.0,35.0,100.0,10.0,205.0,False,,False
"A1, B5, C4, D4, E3",15.0,60.0,30.0,90.0,15.0,195.0,False,,False
"A1, B5, C5, D1, E1",25.0,70.0,40.0,70.0,25.0,205.0,False,,False
"A1, B5, C5, D1, E2",30.0,50.0,35.0,95.0,30.0,210.0,False,,False
"A1, B5, C5, D1, E3",35.0,50.0,30.0,85.0,30.0,200.0,False,,False
"A1, B5, C5, D2, E1",30.0,70.0,35.0,70.0,30.0,205.0,False,,False
"A1, B5, C5, D2, E2",35.0,50.0,30.0,95.0,30.0,210.0,False,,True
"A1, B5, C5, D2, E3",40.0,50.0,25.0,85.0,25.0,200.0,False,,False
"A1, B5, C5, D3, E1",15.0,65.0,35.0,70.0,15.0,185.0,False,,False
"A1, B5, C5, D3, E2",20.0,45.0,30.0,95.0,20.0,190.0,False,,False
"A1, B5, C5, D3, E3",25.0,45.0,25.0,85.0,25.0,180.0,False,,False
"A1, B5, C5, D4, E1",10.0,60.0,35.0,70.0,10.0,175.0,False,,False
"A1, B5, C5, D4, E2",15.0,40.0,30.0,95.0,15.0,180.0,False,,False
"A1, B5, C5, D4, E3",20.0,40.0,25.0,85.0,20.0,170.0,False,,False
"A2, B1, C1, D1, E1",25.0,65.0,90.0,15.0,15.0,195.0,False,,False
"A2, B1, C1, D1, E2",30.0,45.0,85.0,40.0,30.0,200.0,False,,False
"A2, B1, C1, D1, E3",35.0,45.0,80.0,30.0,30.0,190.0,False,,False
"A2, B1, C1, D2, E1",30.0,65.0,85.0,15.0,15.0,195.0,False,,False
"A2, B1, C1, D2, E2",35.0,45.0,80.0,40.0,35.0,200.0,False,,False
"A2, B1, C1, D2, E3",40.0,45.0,75.0,30.0,30.0,190.0,False,,False
"A2, B1, C1, D3, E1",15.0,60.0,85.0,15.0,15.0,175.0,False,,False
"A2, B1, C1, D3, E2",20.0,40.0,80.0,40.0,20.0,180.0,False,,False
"A2, B1, C1, D3, E3",25.0,40.0,75.0,30.0,25.0,170.0,False,,False
"A2, B1, C1, D4, E1",10.0,55.0,85.0,15.0,10.0,165.0,False,,False
"A2, B1, C1, D4, E2",15.0,35.0,80.0,40.0,15.0,170.0,False,,False
"A2, B1, C1, D4, E3",20.0,35.0,75.0,30.0,20.0,160.0,False,,False
"A2, B1, C2, D1, E1",25.0,95.0,70.0,15.0,15.0,205.0,False,,False
"A2, B1, C2, D1, E2",30.0,75.0,65.0,40.0,30.0,210.0,False,,False
"A2, B1, C2, D1, E3",35.0,75.0,60.0,30.0,30.0,200.0,False,,False
"A2, B1, C2, D2, E1",30.0,95.0,65.0,15.0,15.0,205.0,False,,False
"A2, B1, C2, D2, E2",35.0,75.0,60.0,40.0,35.0,210.0,False,,False
"A2, B1, C2, D2, E3",40.0,75.0,55.0,30.0,30.0,200.0,False,,False
"A2, B1, C2, D3, E1",15.0,90.0,65.0,15.0,15.0,185.0,False,,False
"A2, B1, C2, D3, E2",20.0,70.0,60.0,40.0,20.0,190.0,False,,False
"A2, B1, C2, D3, E3",25.0,70.0,55.0,30.0,25.0,180.0,False,,False
"A2, B1, C2, D4, E1",10.0,85.0,65.0,15.0,10.0,175.0,False,,False
"A2, B1, C2, D4, E2",15.0,65.0,60.0,40.0,15.0,180.0,False,,False
"A2, B1, C2, D4, E3",20.0,65.0,55.0,30.0,20.0,170.0,False,,False
"A2, B1, C3, D1, E1",15.0,95.0,60.0,25.0,15.0,195.0,False,,False
"A2, B1, C3, D1, E2",20.0,75.0,55.0,50.0,20.0,200.0,False,,False
"A2, B1, C3, D1, E3",25.0,75.0,50.0,40.0,25.0,190.0,False,,False
"A2, B1, C3, D2, E1",20.0,95.0,55.0,25.0,20.0,195.0,False,,False
"A2, B1, C3, D2, E2",25.0,75.0,50.0,50.0,25.0,200.0,False,,False
"A2, B1, C3, D2, E3",30.0,75.0,45.0,40.0,30.0,190.0,False,,False
"A2, B1, C3, D3, E1",5.0,90.0,55.0,25.0,5.0,175.0,False,,False
"A2, B1, C3, D3, E2",10.0,70.0,50.0,50.0,10.0,180.0,False,,False
"A2, B1, C3, D3, E3",15.0,70.0,45.0,40.0,15.0,170.0,False,,False
"A2, B1, C3, D4, E1",0.0,85.0,55.0,25.0,0.0,165.0,False,,False
"A2, B1, C3, D4, E2",5.0,65.0,50.0,50.0,5.0,170.0,False,,False
"A2, B1, C3, D4, E3",10.0,65.0,45.0,40.0,10.0,160.0,False,,False
"A2, B1, C4, D1, E1",20.0,95.0,80.0,30.0,20.0,225.0,False,,True
"A2, B1, C4, D1, E2",25.0,75.0,75.0,55.0,25.0,230.0,False,,True
"A2, B1, C4, D1, E3",30.0,75.0,70.0,45.0,30.0,220.0,False,,False
"A2, B1, C4, D2, E1",25.0,95.0,75.0,30.0,25.0,225.0,False,,False
"A2, B1, C4, D2, E2",30.0,75.0,70.0,55.0,30.0,230.0,False,,False
"A2, B1, C4, D2, E3",35.0,75.0,65.0,45.0,35.0,220.0,False,,False
"A2, B1, C4, D3, E1",10.0,90.0,75.0,30.0,10.0,205.0,False,,False
"A2, B1, C4, D3, E2",15.0,70.0,70.0,55.0,15.0,210.0,False,,False
"A2, B1, C4, D3, E3",20.0,70.0,65.0,45.0,20.0,200.0,False,,False
"A2, B1, C4, D4, E1",5.0,85.0,75.0,30.0,5.0,195.0,False,,False
"A2, B1, C4, D4, E2",10.0,65.0,70.0,55.0,10.0,200.0,False,,False
"A2, B1, C4, D4, E3",15.0,65.0,65.0,45.0,15.0,190.0,False,,False
"A2, B1, C5, D1, E1",25.0,75.0,75.0,25.0,25.0,200.0,False,,False
"A2, B1, C5, D1, E2",30.0,55.0,70.0,50.0,30.0,205.0,False,,False
"A2, B1, C5, D1, E3",35.0,55.0,65.0,40.0,35.0,195.0,False,,False
"A2, B1, C5, D2, E1",30.0,75.0,70.0,25.0,25.0,200.0,False,,False
"A2, B1, C5, D2, E2",35.0,55.0,65.0,50.0,35.0,205.0,False,,False
"A2, B1, C5, D2, E3",40.0,55.0,60.0,40.0,40.0,195.0,False,,False
"A2, B1, C5, D3, E1",15.0,70.0,70.0,25.0,15.0,180.0,False,,False
"A2, B1, C5, D3, E2",20.0,50.0,65.0,50.0,20.0,185.0,False,,False
"A2, B1, C5, D3, E3",25.0,50.0,60.0,40.0,25.0,175.0,False,,False
"A2, B1, C5, D4, E1",10.0,65.0,70.0,25.0,10.0,170.0,False,,False
"A2, B1, C5, D4, E2",15.0,45.0,65.0,50.0,15.0,175.0,False,,False
"A2, B1, C5, D4, E3",20.0,45.0,60.0,40.0,20.0,165.0,False,,False
"A2, B2, C1, D1, E1",45.0,65.0,85.0,15.0,15.0,210.0,False,,False
"A2, B2, C1, D1, E2",50.0,45.0,80.0,40.0,40.0,215.0,False,,False
"A2, B2, C1, D1, E3",55.0,45.0,75.0,30.0,30.0,205.0,False,,False
"A2, B2, C1, D2, E1",50.0,65.0,80.0,15.0,15.0,210.0,False,,False
"A2, B2, C1, D2, E2",55.0,45.0,75.0,40.0,40.0,215.0,False,,False
"A2, B2, C1, D2, E3",60.0,45.0,70.0,30.0,30.0,205.0,False,,False
"A2, B2, C1, D3, E1",35.0,60.0,80.0,15.0,15.0,190.0,False,,False
"A2, B2, C1, D3, E2",40.0,40.0,75.0,40.0,40.0,195.0,False,,False
"A2, B2, C1, D3, E3",45.0,40.0,70.0,30.0,30.0,185.0,False,,False
"A2, B2, C1, D4, E1",30.0,55.0,80.0,15.0,15.0,180.0,False,,False
"A2, B2, C1, D4, E2",35.0,35.0,75.0,40.0,35.0,185.0,False,,False
"A2, B2, C1, D4, E3",40.0,35.0,70.0,30.0,30.0,175.0,False,,False
"A2, B2, C2, D1, E1",45.0,95.0,65.0,15.0,15.0,220.0,False,,False
"A2, B2, C2, D1, E2",50.0,75.0,60.0,40.0,40.0,225.0,False,,False
"A2, B2, C2, D1, E3",55.0,75.0,55.0,30.0,30.0,215.0,False,,False
"A2, B2, C2, D2, E1",50.0,95.0,60.0,15.0,15.0,220.0,False,,True
"A2, B2, C2, D2, E2",55.0,75.0,55.0,40.0,40.0,225.0,False,,False
"A2, B2, C2, D2, E3",60.0,75.0,50.0,30.0,30.0,215.0,False,,True
"A2, B2, C2, D3, E1",35.0,90.0,60.0,15.0,15.0,200.0,False,,False
"A2, B2, C2, D3, E2",40.0,70.0,55.0,40.0,40.0,205.0,False,,False
"A2, B2, C2, D3, E3",45.0,70.0,50.0,30.0,30.0,195.0,False,,False
"A2, B2, C2, D4, E1",30.0,85.0,60.0,15.0,15.0,190.0,False,,False
"A2, B2, C2, D4, E2",35.0,65.0,55.0,40.0,35.0,195.0,False,,False
"A2, B2, C2, D4, E3",40.0,65.0,50.0,30.0,30.0,185.0,False,,False
"A2, B2, C3, D1, E1",35.0,95.0,55.0,25.0,25.0,210.0,False,,False
"A2, B2, C3, D1, E2",40.0,75.0,50.0,50.0,40.0,215.0,False,,False
"A2, B2, C3, D1, E3",45.0,75.0,45.0,40.0,40.0,205.0,False,,False
"A2, B2, C3, D2, E1",40.0,95.0,50.0,25.0,25.0,210.0,False,,False
"A2, B2, C3, D2, E2",45.0,75.0,45.0,50.0,45.0,215.0,False,,False
"A2, B2, C3, D2, E3",50.0,75.0,40.0,40.0,40.0,205.0,False,,False
"A2, B2, C3, D3, E1",25.0,90.0,50.0,25.0,25.0,190.0,False,,False
"A2, B2, C3, D3, E2",30.0,70.0,45.0,50.0,30.0,195.0,False,,False
"A2, B2, C3, D3, E3",35.0,70.0,40.0,40.0,35.0,185.0,False,,False
"A2, B2, C3, D4, E1",20.0,85.0,50.0,25.0,20.0,180.0,False,,False
"A2, B2, C3, D4, E2",25.0,65.0,45.0,50.0,25.0,185.0,False,,False
"A2, B2, C3, D4, E3",30.0,65.0,40.0,40.0,30.0,175.0,False,,False
"A2, B2, C4, D1, E1",40.0,95.0,75.0,30.0,30.0,240.0,False,,True
"A2, B2, C4, D1, E2",45.0,75.0,70.0,55.0,45.0,245.0,False,,True
"A2, B2, C4, D1, E3",50.0,75.0,65.0,45.0,45.0,235.0,False,,False
"A2, B2, C4, D2, E1",45.0,95.0,70.0,30.0,30.0,240.0,False,,True
"A2, B2, C4, D2, E2",50.0,75.0,65.0,55.0,50.0,245.0,False,,True
"A2, B2, C4, D2, E3",55.0,75.0,60.0,45.0,45.0,235.0,False,,True
"A2, B2, C4, D3, E1",30.0,90.0,70.0,30.0,30.0,220.0,False,,False
"A2, B2, C4, D3, E2",35.0,70.0,65.0,55.0,35.0,225.0,False,,False
"A2, B2, C4, D3, E3",40.0,70.0,60.0,45.0,40.0,215.0,False,,False
"A2, B2, C4, D4, E1",25.0,85.0,70.0,30.0,25.0,210.0,False,,False
"A2, B2, C4, D4, E2",30.0,65.0,65.0,55.0,30.0,215.0,False,,False
"A2, B2, C4, D4, E3",35.0,65.0,60.0,45.0,35.0,205.0,False,,False
"A2, B2, C5, D1, E1",45.0,75.0,70.0,25.0,25.0,215.0,False,,False
"A2, B2, C5, D1, E2",50.0,55.0,65.0,50.0,50.0,220.0,False,,False
"A2, B2, C5, D1, E3",55.0,55.0,60.0,40.0,40.0,210.0,False,,False
"A2, B2, C5, D2, E1",50.0,75.0,65.0,25.0,25.0,215.0,False,,False
"A2, B2, C5, D2, E2",55.0,55.0,60.0,50.0,50.0,220.0,False,,False
"A2, B2, C5, D2, E3",60.0,55.0,55.0,40.0,40.0,210.0,False,,False
"A2, B2, C5, D3, E1",35.0,70.0,65.0,25.0,25.0,195.0,False,,False
"A2, B2, C5, D3, E2",40.0,50.0,60.0,50.0,40.0,200.0,False,,False
"A2, B2, C5, D3, E3",45.0,50.0,55.0,40.0,40.0,190.0,False,,False
"A2, B2, C5, D4, E1",30.0,65.0,65.0,25.0,25.0,185.0,False,,False
"A2, B2, C5, D4, E2",35.0,45.0,60.0,50.0,35.0,190.0,False,,False
"A2, B2, C5, D4, E3",40.0,45.0,55.0,40.0,40.0,180.0,False,,False
"A2, B3, C1, D1, E1",30.0,70.0,80.0,25.0,25.0,205.0,False,,False
"A2, B3, C1, D1, E2",35.0,50.0,75.0,50.0,35.0,210.0,False,,False
"A2, B3, C1, D1, E3",40.0,50.0,70.0,40.0,40.0,200.0,False,,False
"A2, B3, C1, D2, E1",35.0,70.0,75.0,25.0,25.0,205.0,False,,False
"A2, B3, C1, D2, E2",40.0,50.0,70.0,50.0,40.0,210.0,False,,False
"A2, B3, C1, D2, E3",45.0,50.0,65.0,40.0,40.0,200.0,False,,False
"A2, B3, C1, D3, E1",20.0,65.0,75.0,25.0,20.0,185.0,False,,False
"A2, B3, C1, D3, E2",25.0,45.0,70.0,50.0,25.0,190.0,False,,False
"A2, B3, C1, D3, E3",30.0,45.0,65.0,40.0,30.0,180.0,False,,False
"A2, B3, C1, D4, E1",15.0,60.0,75.0,25.0,15.0,175.0,False,,False
"A2, B3, C1, D4, E2",20.0,40.0,70.0,50.0,20.0,180.0,False,,False
"A2, B3, C1, D4, E3",25.0,40.0,65.0,40.0,25.0,170.0,False,,False
"A2, B3, C2, D1, E1",30.0,100.0,60.0,25.0,25.0,215.0,False,,False
"A2, B3, C2, D1, E2",35.0,80.0,55.0,50.0,35.0,220.0,False,,False
"A2, B3, C2, D1, E3",40.0,80.0,50.0,40.0,40.0,210.0,False,,False
"A2, B3, C2, D2, E1",35.0,100.0,55.0,25.0,25.0,215.0,False,,True
"A2, B3, C2, D2, E2",40.0,80.0,50.0,50.0,40.0,220.0,False,,False
"A2, B3, C2, D2, E3",45.0,80.0,45.0,40.0,40.0,210.0,False,,False
"A2, B3, C2, D3, E1",20.0,95.0,55.0,25.0,20.0,195.0,False,,False
"A2, B3, C2, D3, E2",25.0,75.0,50.0,50.0,25.0,200.0,False,,False
"A2, B3, C2, D3, E3",30.0,75.0,45.0,40.0,30.0,190.0,False,,False
"A2, B3, C2, D4, E1",15.0,90.0,55.0,25.0,15.0,185.0,False,,False
"A2, B3, C2, D4, E2",20.0,70.0,50.0,50.0,20.0,190.0,False,,False
"A2, B3, C2, D4, E3",25.0,70.0,45.0,40.0,25.0,180.0,False,,False
"A2, B3, C3, D1, E1",20.0,100.0,50.0,35.0,20.0,205.0,False,,False
"A2, B3, C3, D1, E2",25.0,80.0,45.0,60.0,25.0,210.0,False,,False
"A2, B3, C3, D1, E3",30.0,80.0,40.0,50.0,30.0,200.0,False,,False
"A2, B3, C3, D2, E1",25.0,100.0,45.0,35.0,25.0,205.0,False,,False
"A2, B3, C3, D2, E2",30.0,80.0,40.0,60.0,30.0,210.0,False,,False
"A2, B3, C3, D2, E3",35.0,80.0,35.0,50.0,35.0,200.0,False,,False
"A2, B3, C3, D3, E1",10.0,95.0,45.0,35.0,10.0,185.0,False,,False
"A2, B3, C3, D3, E2",15.0,75.0,40.0,60.0,15.0,190.0,False,,False
"A2, B3, C3, D3, E3",20.0,75.0,35.0,50.0,20.0,180.0,False,,False
"A2, B3, C3, D4, E1",5.0,90.0,45.0,35.0,5.0,175.0,False,,False
"A2, B3, C3, D4, E2",10.0,70.0,40.0,60.0,10.0,180.0,False,,False
"A2, B3, C3, D4, E3",15.0,70.0,35.0,50.0,15.0,170.0,False,,False
"A2, B3, C4, D1, E1",25.0,100.0,70.0,40.0,25.0,235.0,False,,True
"A2, B3, C4, D1, E2",30.0,80.0,65.0,65.0,30.0,240.0,False,,True
"A2, B3, C4, D1, E3",35.0,80.0,60.0,55.0,35.0,230.0,False,,False
"A2, B3, C4, D2, E1",30.0,100.0,65.0,40.0,30.0,235.0,False,,True
"A2, B3, C4, D2, E2",35.0,80.0,60.0,65.0,35.0,240.0,False,,True
"A2, B3, C4, D2, E3",40.0,80.0,55.0,55.0,40.0,230.0,False,,True
"A2, B3, C4, D3, E1",15.0,95.0,65.0,40.0,15.0,215.0,False,,False
"A2, B3, C4, D3, E2",20.0,75.0,60.0,65.0,20.0,220.0,False,,False
"A2, B3, C4, D3, E3",25.0,75.0,55.0,55.0,25.0,210.0,False,,False
"A2, B3, C4, D4, E1",10.0,90.0,65.0,40.0,10.0,205.0,False,,False
"A2, B3, C4, D4, E2",15.0,70.0,60.0,65.0,15.0,210.0,False,,False
"A2, B3, C4, D4, E3",20.0,70.0,55.0,55.0,20.0,200.0,False,,False
"A2, B3, C5, D1, E1",30.0,80.0,65.0,35.0,30.0,210.0,False,,False
"A2, B3, C5, D1, E2",35.0,60.0,60.0,60.0,35.0,215.0,False,,False
"A2, B3, C5, D1, E3",40.0,60.0,55.0,50.0,40.0,205.0,False,,False
"A2, B3, C5, D2, E1",35.0,80.0,60.0,35.0,35.0,210.0,False,,False
"A2, B3, C5, D2, E2",40.0,60.0,55.0,60.0,40.0,215.0,False,,False
"A2, B3, C5, D2, E3",45.0,60.0,50.0,50.0,45.0,205.0,False,,False
"A2, B3, C5, D3, E1",20.0,75.0,60.0,35.0,20.0,190.0,False,,False
"A2, B3, C5, D3, E2",25.0,55.0,55.0,60.0,25.0,195.0,False,,False
"A2, B3, C5, D3, E3",30.0,55.0,50.0,50.0,30.0,185.0,False,,False
"A2, B3, C5, D4, E1",15.0,70.0,60.0,35.0,15.0,180.0,False,,False
"A2, B3, C5, D4, E2",20.0,50.0,55.0,60.0,20.0,185.0,False,,False
"A2, B3, C5, D4, E3",25.0,50.0,50.0,50.0,25.0,175.0,False,,False
"A2, B4, C1, D1, E1",25.0,70.0,70.0,25.0,25.0,190.0,False,,False
"A2, B4, C1, D1, E2",30.0,50.0,65.0,50.0,30.0,195.0,False,,False
"A2, B4, C1, D1, E3",35.0,50.0,60.0,40.0,35.0,185.0,False,,False
"A2, B4, C1, D2, E1",30.0,70.0,65.0,25.0,25.0,190.0,False,,False
"A2, B4, C1, D2, E2",35.0,50.0,60.0,50.0,35.0,195.0,False,,False
"A2, B4, C1, D2, E3",40.0,50.0,55.0,40.0,40.0,185.0,False,,False
"A2, B4, C1, D3, E1",15.0,65.0,65.0,25.0,15.0,170.0,False,,False
"A2, B4, C1, D3, E2",20.0,45.0,60.0,50.0,20.0,175.0,False,,False
"A2, B4, C1, D3, E3",25.0,45.0,55.0,40.0,25.0,165.0,False,,False
"A2, B4, C1, D4, E1",10.0,60.0,65.0,25.0,10.0,160.0,False,,False
"A2, B4, C1, D4, E2",15.0,40.0,60.0,50.0,15.0,165.0,False,,False
"A2, B4, C1, D4, E3",20.0,40.0,55.0,40.0,20.0,155.0,False,,False
"A2, B4, C2, D1, E1",25.0,100.0,50.0,25.0,25.0,200.0,False,,False
"A2, B4, C2, D1, E2",30.0,80.0,45.0,50.0,30.0,205.0,False,,False
"A2, B4, C2, D1, E3",35.0,80.0,40.0,40.0,35.0,195.0,False,,False
"A2, B4, C2, D2, E1",30.0,100.0,45.0,25.0,25.0,200.0,False,,False
"A2, B4, C2, D2, E2",35.0,80.0,40.0,50.0,35.0,205.0,False,,False
"A2, B4, C2, D2, E3",40.0,80.0,35.0,40.0,35.0,195.0,False,,False
"A2, B4, C2, D3, E1",15.0,95.0,45.0,25.0,15.0,180.0,False,,False
"A2, B4, C2, D3, E2",20.0,75.0,40.0,50.0,20.0,185.0,False,,False
"A2, B4, C2, D3, E3",25.0,75.0,35.0,40.0,25.0,175.0,False,,False
"A2, B4, C2, D4, E1",10.0,90.0,45.0,25.0,10.0,170.0,False,,False
"A2, B4, C2, D4, E2",15.0,70.0,40.0,50.0,15.0,175.0,False,,False
"A2, B4, C2, D4, E3",20.0,70.0,35.0,40.0,20.0,165.0,False,,False
"A2, B4, C3, D1, E1",15.0,100.0,40.0,35.0,15.0,190.0,False,,False
"A2, B4, C3, D1, E2",20.0,80.0,35.0,60.0,20.0,195.0,False,,False
"A2, B4, C3, D1, E3",25.0,80.0,30.0,50.0,25.0,185.0,False,,False
"A2, B4, C3, D2, E1",20.0,100.0,35.0,35.0,20.0,190.0,False,,False
"A2, B4, C3, D2, E2",25.0,80.0,30.0,60.0,25.0,195.0,False,,False
"A2, B4, C3, D2, E3",30.0,80.0,25.0,50.0,25.0,185.0,False,,False
"A2, B4, C3, D3, E1",5.0,95.0,35.0,35.0,5.0,170.0,False,,False
"A2, B4, C3, D3, E2",10.0,75.0,30.0,60.0,10.0,175.0,False,,False
"A2, B4, C3, D3, E3",15.0,75.0,25.0,50.0,15.0,165.0,False,,False
"A2, B4, C3, D4, E1",0.0,90.0,35.0,35.0,0.0,160.0,False,,False
"A2, B4, C3, D4, E2",5.0,70.0,30.0,60.0,5.0,165.0,False,,False
"A2, B4, C3, D4, E3",10.0,70.0,25.0,50.0,10.0,155.0,False,,False
"A2, B4, C4, D1, E1",20.0,100.0,60.0,40.0,20.0,220.0,False,,False
"A2, B4, C4, D1, E2",25.0,80.0,55.0,65.0,25.0,225.0,False,,False
"A2, B4, C4, D1, E3",30.0,80.0,50.0,55.0,30.0,215.0,False,,False
"A2, B4, C4, D2, E1",25.0,100.0,55.0,40.0,25.0,220.0,False,,False
"A2, B4, C4, D2, E2",30.0,80.0,50.0,65.0,30.0,225.0,False,,False
"A2, B4, C4, D2, E3",35.0,80.0,45.0,55.0,35.0,215.0,False,,False
"A2, B4, C4, D3, E1",10.0,95.0,55.0,40.0,10.0,200.0,False,,False
"A2, B4, C4, D3, E2",15.0,75.0,50.0,65.0,15.0,205.0,False,,False
"A2, B4, C4, D3, E3",20.0,75.0,45.0,55.0,20.0,195.0,False,,False
"A2, B4, C4, D4, E1",5.0,90.0,55.0,40.0,5.0,190.0,False,,False
"A2, B4, C4, D4, E2",10.0,70.0,50.0,65.0,10.0,195.0,False,,False
"A2, B4, C4, D4, E3",15.0,70.0,45.0,55.0,15.0,185.0,False,,False
"A2, B4, C5, D1, E1",25.0,80.0,55.0,35.0,25.0,195.0,False,,False
"A2, B4, C5, D1, E2",30.0,60.0,50.0,60.0,30.0,200.0,False,,False
"A2, B4, C5, D1, E3",35.0,60.0,45.0,50.0,35.0,190.0,False,,False
"A2, B4, C5, D2, E1",30.0,80.0,50.0,35.0,30.0,195.0,False,,False
"A2, B4, C5, D2, E2",35.0,60.0,45.0,60.0,35.0,200.0,False,,False
"A2, B4, C5, D2, E3",40.0,60.0,40.0,50.0,40.0,190.0,False,,False
"A2, B4, C5, D3, E1",15.0,75.0,50.0,35.0,15.0,175.0,False,,False
"A2, B4, C5, D3, E2",20.0,55.0,45.0,60.0,20.0,180.0,False,,False
"A2, B4, C5, D3, E3",25.0,55.0,40.0,50.0,25.0,170.0,False,,False
"A2, B4, C5, D4, E1",10.0,70.0,50.0,35.0,10.0,165.0,False,,False
"A2, B4, C5, D4, E2",15.0,50.0,45.0,60.0,15.0,170.0,False,,False
"A2, B4, C5, D4, E3",20.0,50.0,40.0,50.0,20.0,160.0,False,,False
"A2, B5, C1, D1, E1",25.0,60.0,75.0,50.0,25.0,210.0,False,,False
"A2, B5, C1, D1, E2",30.0,40.0,70.0,75.0,30.0,215.0,False,,False
"A2, B5, C1, D1, E3",35.0,40.0,65.0,65.0,35.0,205.0,False,,False
"A2, B5, C1, D2, E1",30.0,60.0,70.0,50.0,30.0,210.0,False,,False
"A2, B5, C1, D2, E2",35.0,40.0,65.0,75.0,35.0,215.0,False,,False
"A2, B5, C1, D2, E3",40.0,40.0,60.0,65.0,40.0,205.0,False,,False
"A2, B5, C1, D3, E1",15.0,55.0,70.0,50.0,15.0,190.0,False,,False
"A2, B5, C1, D3, E2",20.0,35.0,65.0,75.0,20.0,195.0,False,,False
"A2, B5, C1, D3, E3",25.0,35.0,60.0,65.0,25.0,185.0,False,,False
"A2, B5, C1, D4, E1",10.0,50.0,70.0,50.0,10.0,180.0,False,,False
"A2, B5, C1, D4, E2",15.0,30.0,65.0,75.0,15.0,185.0,False,,False
"A2, B5, C1, D4, E3",20.0,30.0,60.0,65.0,20.0,175.0,False,,False
"A2, B5, C2, D1, E1",25.0,90.0,55.0,50.0,25.0,220.0,False,,False
"A2, B5, C2, D1, E2",30.0,70.0,50.0,75.0,30.0,225.0,False,,False
"A2, B5, C2, D1, E3",35.0,70.0,45.0,65.0,35.0,215.0,False,,False
"A2, B5, C2, D2, E1",30.0,90.0,50.0,50.0,30.0,220.0,False,,True
"A2, B5, C2, D2, E2",35.0,70.0,45.0,75.0,35.0,225.0,False,,False
"A2, B5, C2, D2, E3",40.0,70.0,40.0,65.0,40.0,215.0,False,,False
"A2, B5, C2, D3, E1",15.0,85.0,50.0,50.0,15.0,200.0,False,,False
"A2, B5, C2, D3, E2",20.0,65.0,45.0,75.0,20.0,205.0,False,,False
"A2, B5, C2, D3, E3",25.0,65.0,40.0,65.0,25.0,195.0,False,,False
"A2, B5, C2, D4, E1",10.0,80.0,50.0,50.0,10.0,190.0,False,,False
"A2, B5, C2, D4, E2",15.0,60.0,45.0,75.0,15.0,195.0,False,,False
"A2, B5, C2, D4, E3",20.0,60.0,40.0,65.0,20.0,185.0,False,,False
"A2, B5, C3, D1, E1",15.0,90.0,45.0,60.0,15.0,210.0,False,,False
"A2, B5, C3, D1, E2",20.0,70.0,40.0,85.0,20.0,215.0,False,,False
"A2, B5, C3, D1, E3",25.0,70.0,35.0,75.0,25.0,205.0,False,,False
"A2, B5, C3, D2, E1",20.0,90.0,40.0,60.0,20.0,210.0,False,,False
"A2, B5, C3, D2, E2",25.0,70.0,35.0,85.0,25.0,215.0,False,,False
"A2, B5, C3, D2, E3",30.0,70.0,30.0,75.0,30.0,205.0,False,,False
"A2, B5, C3, D3, E1",5.0,85.0,40.0,60.0,5.0,190.0,False,,False
"A2, B5, C3, D3, E2",10.0,65.0,35.0,85.0,10.0,195.0,False,,False
"A2, B5, C3, D3, E3",15.0,65.0,30.0,75.0,15.0,185.0,False,,False
"A2, B5, C3, D4, E1",0.0,80.0,40.0,60.0,0.0,180.0,False,,False
"A2, B5, C3, D4, E2",5.0,60.0,35.0,85.0,5.0,185.0,False,,False
"A2, B5, C3, D4, E3",10.0,60.0,30.0,75.0,10.0,175.0,False,,False
"A2, B5, C4, D1, E1",20.0,90.0,65.0,65.0,20.0,240.0,False,,True
"A2, B5, C4, D1, E2",25.0,70.0,60.0,90.0,25.0,245.0,False,,True
"A2, B5, C4, D1, E3",30.0,70.0,55.0,80.0,30.0,235.0,False,,False
"A2, B5, C4, D2, E1",25.0,90.0,60.0,65.0,25.0,240.0,False,,True
"A2, B5, C4, D2, E2",30.0,70.0,55.0,90.0,30.0,245.0,False,,True
"A2, B5, C4, D2, E3",35.0,70.0,50.0,80.0,35.0,235.0,False,,True
"A2, B5, C4, D3, E1",10.0,85.0,60.0,65.0,10.0,220.0,False,,False
"A2, B5, C4, D3, E2",15.0,65.0,55.0,90.0,15.0,225.0,False,,False
"A2, B5, C4, D3, E3",20.0,65.0,50.0,80.0,20.0,215.0,False,,False
"A2, B5, C4, D4, E1",5.0,80.0,60.0,65.0,5.0,210.0,False,,False
"A2, B5, C4, D4, E2",10.0,60.0,55.0,90.0,10.0,215.0,False,,False
"A2, B5, C4, D4, E3",15.0,60.0,50.0,80.0,15.0,205.0,False,,False
"A2, B5, C5, D1, E1",25.0,70.0,60.0,60.0,25.0,215.0,False,,False
"A2, B5, C5, D1, E2",30.0,50.0,55.0,85.0,30.0,220.0,False,,False
"A2, B5, C5, D1, E3",35.0,50.0,50.0,75.0,35.0,210.0,False,,False
"A2, B5, C5, D2, E1",30.0,70.0,55.0,60.0,30.0,215.0,False,,False
"A2, B5, C5, D2, E2",35.0,50.0,50.0,85.0,35.0,220.0,False,,False
"A2, B5, C5, D2, E3",40.0,50.0,45.0,75.0,40.0,210.0,False,,False
"A2, B5, C5, D3, E1",15.0,65.0,55.0,60.0,15.0,195.0,False,,False
"A2, B5, C5, D3, E2",20.0,45.0,50.0,85.0,20.0,200.0,False,,False
"A2, B5, C5, D3, E3",25.0,45.0,45.0,75.0,25.0,190.0,False,,False
"A2, B5, C5, D4, E1",10.0,60.0,55.0,60.0,10.0,185.0,False,,False
"A2, B5, C5, D4, E2",15.0,40.0,50.0,85.0,15.0,190.0,False,,False
"A2, B5, C5, D4, E3",20.0,40.0,45.0,75.0,20.0,180.0,False,,False
"A3, B1, C1, D1, E1",45.0,45.0,100.0,10.0,10.0,200.0,False,,True
"A3, B1, C1, D1, E2",50.0,25.0,95.0,35.0,25.0,205.0,False,,True
"A3, B1, C1, D1, E3",55.0,25.0,90.0,25.0,25.0,195.0,False,,False
"A3, B1, C1, D2, E1",50.0,45.0,95.0,10.0,10.0,200.0,False,,False
"A3, B1, C1, D2, E2",55.0,25.0,90.0,35.0,25.0,205.0,False,,False
"A3, B1, C1, D2, E3",60.0,25.0,85.0,25.0,25.0,195.0,False,,False
"A3, B1, C1, D3, E1",35.0,40.0,95.0,10.0,10.0,180.0,False,,False
"A3, B1, C1, D3, E2",40.0,20.0,90.0,35.0,20.0,185.0,False,,False
"A3, B1, C1, D3, E3",45.0,20.0,85.0,25.0,20.0,175.0,False,,False
"A3, B1, C1, D4, E1",30.0,35.0,95.0,10.0,10.0,170.0,False,,False
"A3, B1, C1, D4, E2",35.0,15.0,90.0,35.0,15.0,175.0,False,,False
"A3, B1, C1, D4, E3",40.0,15.0,85.0,25.0,15.0,165.0,False,,False
"A3, B1, C2, D1, E1",45.0,75.0,80.0,10.0,10.0,210.0,False,,False
"A3, B1, C2, D1, E2",50.0,55.0,75.0,35.0,35.0,215.0,False,,False
"A3, B1, C2, D1, E3",55.0,55.0,70.0,25.0,25.0,205.0,False,,False
"A3, B1, C2, D2, E1",50.0,75.0,75.0,10.0,10.0,210.0,False,,False
"A3, B1, C2, D2, E2",55.0,55.0,70.0,35.0,35.0,215.0,False,,False
"A3, B1, C2, D2, E3",60.0,55.0,65.0,25.0,25.0,205.0,False,,False
"A3, B1, C2, D3, E1",35.0,70.0,75.0,10.0,10.0,190.0,False,,False
"A3, B1, C2, D3, E2",40.0,50.0,70.0,35.0,35.0,195.0,False,,False
"A3, B1, C2, D3, E3",45.0,50.0,65.0,25.0,25.0,185.0,False,,False
"A3, B1, C2, D4, E1",30.0,65.0,75.0,10.0,10.0,180.0,False,,False
"A3, B1, C2, D4, E2",35.0,45.0,70.0,35.0,35.0,185.0,False,,False
"A3, B1, C2, D4, E3",40.0,45.0,65.0,25.0,25.0,175.0,False,,False
"A3, B1, C3, D1, E1",35.0,75.0,70.0,20.0,20.0,200.0,False,,False
"A3, B1, C3, D1, E2",40.0,55.0,65.0,45.0,40.0,205.0,False,,False
"A3, B1, C3, D1, E3",45.0,55.0,60.0,35.0,35.0,195.0,False,,False
"A3, B1, C3, D2, E1",40.0,75.0,65.0,20.0,20.0,200.0,False,,False
"A3, B1, C3, D2, E2",45.0,55.0,60.0,45.0,45.0,205.0,False,,False
"A3, B1, C3, D2, E3",50.0,55.0,55.0,35.0,35.0,195.0,False,,False
"A3, B1, C3, D3, E1",25.0,70.0,65.0,20.0,20.0,180.0,False,,False
"A3, B1, C3, D3, E2",30.0,50.0,60.0,45.0,30.0,185.0,False,,False
"A3, B1, C3, D3, E3",35.0,50.0,55.0,35.0,35.0,175.0,False,,False
"A3, B1, C3, D4, E1",20.0,65.0,65.0,20.0,20.0,170.0,False,,False
"A3, B1, C3, D4, E2",25.0,45.0,60.0,45.0,25.0,175.0,False,,False
"A3, B1, C3, D4, E3",30.0,45.0,55.0,35.0,30.0,165.0,False,,False
"A3, B1, C4, D1, E1",40.0,75.0,90.0,25.0,25.0,230.0,False,,True
"A3, B1, C4, D1, E2",45.0,55.0,85.0,50.0,45.0,235.0,False,,True
"A3, B1, C4, D1, E3",50.0,55.0,80.0,40.0,40.0,225.0,False,,False
"A3, B1, C4, D2, E1",45.0,75.0,85.0,25.0,25.0,230.0,False,,False
"A3, B1, C4, D2, E2",50.0,55.0,80.0,50.0,50.0,235.0,False,,False
"A3, B1, C4, D2, E3",55.0,55.0,75.0,40.0,40.0,225.0,False,,False
"A3, B1, C4, D3, E1",30.0,70.0,85.0,25.0,25.0,210.0,False,,False
"A3, B1, C4, D3, E2",35.0,50.0,80.0,50.0,35.0,215.0,False,,False
"A3, B1, C4, D3, E3",40.0,50.0,75.0,40.0,40.0,205.0,False,,False
"A3, B1, C4, D4, E1",25.0,65.0,85.0,25.0,25.0,200.0,False,,False
"A3, B1, C4, D4, E2",30.0,45.0,80.0,50.0,30.0,205.0,False,,False
"A3, B1, C4, D4, E3",35.0,45.0,75.0,40.0,35.0,195.0,False,,False
"A3, B1, C5, D1, E1",45.0,55.0,85.0,20.0,20.0,205.0,False,,False
"A3, B1, C5, D1, E2",50.0,35.0,80.0,45.0,35.0,210.0,False,,False
"A3, B1, C5, D1, E3",55.0,35.0,75.0,35.0,35.0,200.0,False,,False
"A3, B1, C5, D2, E1",50.0,55.0,80.0,20.0,20.0,205.0,False,,False
"A3, B1, C5, D2, E2",55.0,35.0,75.0,45.0,35.0,210.0,False,,False
"A3, B1, C5, D2, E3",60.0,35.0,70.0,35.0,35.0,200.0,False,,False
"A3, B1, C5, D3, E1",35.0,50.0,80.0,20.0,20.0,185.0,False,,False
"A3, B1, C5, D3, E2",40.0,30.0,75.0,45.0,30.0,190.0,False,,False
"A3, B1, C5, D3, E3",45.0,30.0,70.0,35.0,30.0,180.0,False,,False
"A3, B1, C5, D4, E1",30.0,45.0,80.0,20.0,20.0,175.0,False,,False
"A3, B1, C5, D4, E2",35.0,25.0,75.0,45.0,25.0,180.0,False,,False
"A3, B1, C5, D4, E3",40.0,25.0,70.0,35.0,25.0,170.0,False,,False
"A3, B2, C1, D1, E1",65.0,45.0,95.0,10.0,10.0,215.0,False,,True
"A3, B2, C1, D1, E2",70.0,25.0,90.0,35.0,25.0,220.0,False,,True
"A3, B2, C1, D1, E3",75.0,25.0,85.0,25.0,25.0,210.0,False,,False
"A3, B2, C1, D2, E1",70.0,45.0,90.0,10.0,10.0,215.0,False,,True
"A3, B2, C1, D2, E2",75.0,25.0,85.0,35.0,25.0,220.0,False,,True
"A3, B2, C1, D2, E3",80.0,25.0,80.0,25.0,25.0,210.0,False,,True
"A3, B2, C1, D3, E1",55.0,40.0,90.0,10.0,10.0,195.0,False,,False
"A3, B2, C1, D3, E2",60.0,20.0,85.0,35.0,20.0,200.0,False,,False
"A3, B2, C1, D3, E3",65.0,20.0,80.0,25.0,20.0,190.0,False,,False
"A3, B2, C1, D4, E1",50.0,35.0,90.0,10.0,10.0,185.0,False,,False
"A3, B2, C1, D4, E2",55.0,15.0,85.0,35.0,15.0,190.0,False,,False
"A3, B2, C1, D4, E3",60.0,15.0,80.0,25.0,15.0,180.0,False,,False
"A3, B2, C2, D1, E1",65.0,75.0,75.0,10.0,10.0,225.0,False,,False
"A3, B2, C2, D1, E2",70.0,55.0,70.0,35.0,35.0,230.0,False,,False
"A3, B2, C2, D1, E3",75.0,55.0,65.0,25.0,25.0,220.0,False,,False
"A3, B2, C2, D2, E1",70.0,75.0,70.0,10.0,10.0,225.0,False,,True
"A3, B2, C2, D2, E2",75.0,55.0,65.0,35.0,35.0,230.0,False,,False
"A3, B2, C2, D2, E3",80.0,55.0,60.0,25.0,25.0,220.0,False,,True
"A3, B2, C2, D3, E1",55.0,70.0,70.0,10.0,10.0,205.0,False,,False
"A3, B2, C2, D3, E2",60.0,50.0,65.0,35.0,35.0,210.0,False,,False
"A3, B2, C2, D3, E3",65.0,50.0,60.0,25.0,25.0,200.0,False,,False
"A3, B2, C2, D4, E1",50.0,65.0,70.0,10.0,10.0,195.0,False,,False
"A3, B2, C2, D4, E2",55.0,45.0,65.0,35.0,35.0,200.0,False,,False
"A3, B2, C2, D4, E3",60.0,45.0,60.0,25.0,25.0,190.0,False,,False
"A3, B2, C3, D1, E1",55.0,75.0,65.0,20.0,20.0,215.0,False,,False
"A3, B2, C3, D1, E2",60.0,55.0,60.0,45.0,45.0,220.0,False,,False
"A3, B2, C3, D1, E3",65.0,55.0,55.0,35.0,35.0,210.0,False,,False
"A3, B2, C3, D2, E1",60.0,75.0,60.0,20.0,20.0,215.0,False,,False
"A3, B2, C3, D2, E2",65.0,55.0,55.0,45.0,45.0,220.0,False,,False
"A3, B2, C3, D2, E3",70.0,55.0,50.0,35.0,35.0,210.0,False,,False
"A3, B2, C3, D3, E1",45.0,70.0,60.0,20.0,20.0,195.0,False,,False
"A3, B2, C3, D3, E2",50.0,50.0,55.0,45.0,45.0,200.0,False,,False
"A3, B2, C3, D3, E3",55.0,50.0,50.0,35.0,35.0,190.0,False,,False
"A3, B2, C3, D4, E1",40.0,65.0,60.0,20.0,20.0,185.0,False,,False
"A3, B2, C3, D4, E2",45.0,45.0,55.0,45.0,45.0,190.0,False,,False
"A3, B2, C3, D4, E3",50.0,45.0,50.0,35.0,35.0,180.0,False,,False
"A3, B2, C4, D1, E1",60.0,75.0,85.0,25.0,25.0,245.0,False,,True
"A3, B2, C4, D1, E2",65.0,55.0,80.0,50.0,50.0,250.0,False,,True
"A3, B2, C4, D1, E3",70.0,55.0,75.0,40.0,40.0,240.0,False,,False
"A3, B2, C4, D2, E1",65.0,75.0,80.0,25.0,25.0,245.0,False,,True
"A3, B2, C4, D2, E2",70.0,55.0,75.0,50.0,50.0,250.0,False,,True
"A3, B2, C4, D2, E3",75.0,55.0,70.0,40.0,40.0,240.0,False,,True
"A3, B2, C4, D3, E1",50.0,70.0,80.0,25.0,25.0,225.0,False,,False
"A3, B2, C4, D3, E2",55.0,50.0,75.0,50.0,50.0,230.0,False,,False
"A3, B2, C4, D3, E3",60.0,50.0,70.0,40.0,40.0,220.0,False,,False
"A3, B2, C4, D4, E1",45.0,65.0,80.0,25.0,25.0,215.0,False,,False
"A3, B2, C4, D4, E2",50.0,45.0,75.0,50.0,45.0,220.0,False,,False
"A3, B2, C4, D4, E3",55.0,45.0,70.0,40.0,40.0,210.0,False,,False
"A3, B2, C5, D1, E1",65.0,55.0,80.0,20.0,20.0,220.0,False,,False
"A3, B2, C5, D1, E2",70.0,35.0,75.0,45.0,35.0,225.0,False,,False
"A3, B2, C5, D1, E3",75.0,35.0,70.0,35.0,35.0,215.0,False,,False
"A3, B2, C5, D2, E1",70.0,55.0,75.0,20.0,20.0,220.0,False,,False
"A3, B2, C5, D2, E2",75.0,35.0,70.0,45.0,35.0,225.0,False,,False
"A3, B2, C5, D2, E3",80.0,35.0,65.0,35.0,35.0,215.0,False,,False
"A3, B2, C5, D3, E1",55.0,50.0,75.0,20.0,20.0,200.0,False,,False
"A3, B2, C5, D3, E2",60.0,30.0,70.0,45.0,30.0,205.0,False,,False
"A3, B2, C5, D3, E3",65.0,30.0,65.0,35.0,30.0,195.0,False,,False
"A3, B2, C5, D4, E1",50.0,45.0,75.0,20.0,20.0,190.0,False,,False
"A3, B2, C5, D4, E2",55.0,25.0,70.0,45.0,25.0,195.0,False,,False
"A3, B2, C5, D4, E3",60.0,25.0,65.0,35.0,25.0,185.0,False,,False
"A3, B3, C1, D1, E1",50.0,50.0,90.0,20.0,20.0,210.0,False,,True
"A3, B3, C1, D1, E2",55.0,30.0,85.0,45.0,30.0,215.0,False,,True
"A3, B3, C1, D1, E3",60.0,30.0,80.0,35.0,30.0,205.0,False,,False
"A3, B3, C1, D2, E1",55.0,50.0,85.0,20.0,20.0,210.0,False,,False
"A3, B3, C1, D2, E2",60.0,30.0,80.0,45.0,30.0,215.0,False,,False
"A3, B3, C1, D2, E3",65.0,30.0,75.0,35.0,30.0,205.0,False,,False
"A3, B3, C1, D3, E1",40.0,45.0,85.0,20.0,20.0,190.0,False,,False
"A3, B3, C1, D3, E2",45.0,25.0,80.0,45.0,25.0,195.0,False,,False
"A3, B3, C1, D3, E3",50.0,25.0,75.0,35.0,25.0,185.0,False,,False
"A3, B3, C1, D4, E1",35.0,40.0,85.0,20.0,20.0,180.0,False,,False
"A3, B3, C1, D4, E2",40.0,20.0,80.0,45.0,20.0,185.0,False,,False
"A3, B3, C1, D4, E3",45.0,20.0,75.0,35.0,20.0,175.0,False,,False
"A3, B3, C2, D1, E1",50.0,80.0,70.0,20.0,20.0,220.0,False,,False
"A3, B3, C2, D1, E2",55.0,60.0,65.0,45.0,45.0,225.0,False,,False
"A3, B3, C2, D1, E3",60.0,60.0,60.0,35.0,35.0,215.0,False,,False
"A3, B3, C2, D2, E1",55.0,80.0,65.0,20.0,20.0,220.0,False,,True
"A3, B3, C2, D2, E2",60.0,60.0,60.0,45.0,45.0,225.0,False,,False
"A3, B3, C2, D2, E3",65.0,60.0,55.0,35.0,35.0,215.0,False,,False
"A3, B3, C2, D3, E1",40.0,75.0,65.0,20.0,20.0,200.0,False,,False
"A3, B3, C2, D3, E2",45.0,55.0,60.0,45.0,45.0,205.0,False,,False
"A3, B3, C2, D3, E3",50.0,55.0,55.0,35.0,35.0,195.0,False,,False
"A3, B3, C2, D4, E1",35.0,70.0,65.0,20.0,20.0,190.0,False,,False
"A3, B3, C2, D4, E2",40.0,50.0,60.0,45.0,40.0,195.0,False,,False
"A3, B3, C2, D4, E3",45.0,50.0,55.0,35.0,35.0,185.0,False,,False
"A3, B3, C3, D1, E1",40.0,80.0,60.0,30.0,30.0,210.0,False,,False
"A3, B3, C3, D1, E2",45.0,60.0,55.0,55.0,45.0,215.0,False,,False
"A3, B3, C3, D1, E3",50.0,60.0,50.0,45.0,45.0,205.0,False,,False
"A3, B3, C3, D2, E1",45.0,80.0,55.0,30.0,30.0,210.0,False,,False
"A3, B3, C3, D2, E2",50.0,60.0,50.0,55.0,50.0,215.0,False,,False
"A3, B3, C3, D2, E3",55.0,60.0,45.0,45.0,45.0,205.0,False,,False
"A3, B3, C3, D3, E1",30.0,75.0,55.0,30.0,30.0,190.0,False,,False
"A3, B3, C3, D3, E2",35.0,55.0,50.0,55.0,35.0,195.0,False,,False
"A3, B3, C3, D3, E3",40.0,55.0,45.0,45.0,40.0,185.0,False,,False
"A3, B3, C3, D4, E1",25.0,70.0,55.0,30.0,25.0,180.0,False,,False
"A3, B3, C3, D4, E2",30.0,50.0,50.0,55.0,30.0,185.0,False,,False
"A3, B3, C3, D4, E3",35.0,50.0,45.0,45.0,35.0,175.0,False,,False
"A3, B3, C4, D1, E1",45.0,80.0,80.0,35.0,35.0,240.0,False,,True
"A3, B3, C4, D1, E2",50.0,60.0,75.0,60.0,50.0,245.0,False,,True
"A3, B3, C4, D1, E3",55.0,60.0,70.0,50.0,50.0,235.0,False,,False
"A3, B3, C4, D2, E1",50.0,80.0,75.0,35.0,35.0,240.0,False,,True
"A3, B3, C4, D2, E2",55.0,60.0,70.0,60.0,55.0,245.0,False,,True
"A3, B3, C4, D2, E3",60.0,60.0,65.0,50.0,50.0,235.0,False,,False
"A3, B3, C4, D3, E1",35.0,75.0,75.0,35.0,35.0,220.0,False,,False
"A3, B3, C4, D3, E2",40.0,55.0,70.0,60.0,40.0,225.0,False,,False
"A3, B3, C4, D3, E3",45.0,55.0,65.0,50.0,45.0,215.0,False,,False
"A3, B3, C4, D4, E1",30.0,70.0,75.0,35.0,30.0,210.0,False,,False
"A3, B3, C4, D4, E2",35.0,50.0,70.0,60.0,35.0,215.0,False,,False
"A3, B3, C4, D4, E3",40.0,50.0,65.0,50.0,40.0,205.0,False,,False
"A3, B3, C5, D1, E1",50.0,60.0,75.0,30.0,30.0,215.0,False,,False
"A3, B3, C5, D1, E2",55.0,40.0,70.0,55.0,40.0,220.0,False,,False
"A3, B3, C5, D1, E3",60.0,40.0,65.0,45.0,40.0,210.0,False,,False
"A3, B3, C5, D2, E1",55.0,60.0,70.0,30.0,30.0,215.0,False,,False
"A3, B3, C5, D2, E2",60.0,40.0,65.0,55.0,40.0,220.0,False,,False
"A3, B3, C5, D2, E3",65.0,40.0,60.0,45.0,40.0,210.0,False,,False
"A3, B3, C5, D3, E1",40.0,55.0,70.0,30.0,30.0,195.0,False,,False
"A3, B3, C5, D3, E2",45.0,35.0,65.0,55.0,35.0,200.0,False,,False
"A3, B3, C5, D3, E3",50.0,35.0,60.0,45.0,35.0,190.0,False,,False
"A3, B3, C5, D4, E1",35.0,50.0,70.0,30.0,30.0,185.0,False,,False
"A3, B3, C5, D4, E2",40.0,30.0,65.0,55.0,30.0,190.0,False,,False
"A3, B3, C5, D4, E3",45.0,30.0,60.0,45.0,30.0,180.0,False,,False
"A3, B4, C1, D1, E1",45.0,50.0,80.0,20.0,20.0,195.0,False,,False
"A3, B4, C1, D1, E2",50.0,30.0,75.0,45.0,30.0,200.0,False,,False
"A3, B4, C1, D1, E3",55.0,30.0,70.0,35.0,30.0,190.0,False,,False
"A3, B4, C1, D2, E1",50.0,50.0,75.0,20.0,20.0,195.0,False,,False
"A3, B4, C1, D2, E2",55.0,30.0,70.0,45.0,30.0,200.0,False,,False
"A3, B4, C1, D2, E3",60.0,30.0,65.0,35.0,30.0,190.0,False,,False
"A3, B4, C1, D3, E1",35.0,45.0,75.0,20.0,20.0,175.0,False,,False
"A3, B4, C1, D3, E2",40.0,25.0,70.0,45.0,25.0,180.0,False,,False
"A3, B4, C1, D3, E3",45.0,25.0,65.0,35.0,25.0,170.0,False,,False
"A3, B4, C1, D4, E1",30.0,40.0,75.0,20.0,20.0,165.0,False,,False
"A3, B4, C1, D4, E2",35.0,20.0,70.0,45.0,20.0,170.0,False,,False
"A3, B4, C1, D4, E3",40.0,20.0,65.0,35.0,20.0,160.0,False,,False
"A3, B4, C2, D1, E1",45.0,80.0,60.0,20.0,20.0,205.0,False,,False
"A3, B4, C2, D1, E2",50.0,60.0,55.0,45.0,45.0,210.0,False,,False
"A3, B4, C2, D1, E3",55.0,60.0,50.0,35.0,35.0,200.0,False,,False
"A3, B4, C2, D2, E1",50.0,80.0,55.0,20.0,20.0,205.0,False,,False
"A3, B4, C2, D2, E2",55.0,60.0,50.0,45.0,45.0,210.0,False,,False
"A3, B4, C2, D2, E3",60.0,60.0,45.0,35.0,35.0,200.0,False,,False
"A3, B4, C2, D3, E1",35.0,75.0,55.0,20.0,20.0,185.0,False,,False
"A3, B4, C2, D3, E2",40.0,55.0,50.0,45.0,40.0,190.0,False,,False
"A3, B4, C2, D3, E3",45.0,55.0,45.0,35.0,35.0,180.0,False,,False
"A3, B4, C2, D4, E1",30.0,70.0,55.0,20.0,20.0,175.0,False,,False
"A3, B4, C2, D4, E2",35.0,50.0,50.0,45.0,35.0,180.0,False,,False
"A3, B4, C2, D4, E3",40.0,50.0,45.0,35.0,35.0,170.0,False,,False
"A3, B4, C3, D1, E1",35.0,80.0,50.0,30.0,30.0,195.0,False,,False
"A3, B4, C3, D1, E2",40.0,60.0,45.0,55.0,40.0,200.0,False,,False
"A3, B4, C3, D1, E3",45.0,60.0,40.0,45.0,40.0,190.0,False,,False
"A3, B4, C3, D2, E1",40.0,80.0,45.0,30.0,30.0,195.0,False,,False
"A3, B4, C3, D2, E2",45.0,60.0,40.0,55.0,40.0,200.0,False,,False
"A3, B4, C3, D2, E3",50.0,60.0,35.0,45.0,35.0,190.0,False,,False
"A3, B4, C3, D3, E1",25.0,75.0,45.0,30.0,25.0,175.0,False,,False
"A3, B4, C3, D3, E2",30.0,55.0,40.0,55.0,30.0,180.0,False,,False
"A3, B4, C3, D3, E3",35.0,55.0,35.0,45.0,35.0,170.0,False,,False
"A3, B4, C3, D4, E1",20.0,70.0,45.0,30.0,20.0,165.0,False,,False
"A3, B4, C3, D4, E2",25.0,50.0,40.0,55.0,25.0,170.0,False,,False
"A3, B4, C3, D4, E3",30.0,50.0,35.0,45.0,30.0,160.0,False,,False
"A3, B4, C4, D1, E1",40.0,80.0,70.0,35.0,35.0,225.0,False,,False
"A3, B4, C4, D1, E2",45.0,60.0,65.0,60.0,45.0,230.0,False,,False
"A3, B4, C4, D1, E3",50.0,60.0,60.0,50.0,50.0,220.0,False,,False
"A3, B4, C4, D2, E1",45.0,80.0,65.0,35.0,35.0,225.0,False,,False
"A3, B4, C4, D2, E2",50.0,60.0,60.0,60.0,50.0,230.0,False,,False
"A3, B4, C4, D2, E3",55.0,60.0,55.0,50.0,50.0,220.0,False,,False
"A3, B4, C4, D3, E1",30.0,75.0,65.0,35.0,30.0,205.0,False,,False
"A3, B4, C4, D3, E2",35.0,55.0,60.0,60.0,35.0,210.0,False,,False
"A3, B4, C4, D3, E3",40.0,55.0,55.0,50.0,40.0,200.0,False,,False
"A3, B4, C4, D4, E1",25.0,70.0,65.0,35.0,25.0,195.0,False,,False
"A3, B4, C4, D4, E2",30.0,50.0,60.0,60.0,30.0,200.0,False,,False
"A3, B4, C4, D4, E3",35.0,50.0,55.0,50.0,35.0,190.0,False,,False
"A3, B4, C5, D1, E1",45.0,60.0,65.0,30.0,30.0,200.0,False,,False
"A3, B4, C5, D1, E2",50.0,40.0,60.0,55.0,40.0,205.0,False,,False
"A3, B4, C5, D1, E3",55.0,40.0,55.0,45.0,40.0,195.0,False,,False
"A3, B4, C5, D2, E1",50.0,60.0,60.0,30.0,30.0,200.0,False,,False
"A3, B4, C5, D2, E2",55.0,40.0,55.0,55.0,40.0,205.0,False,,False
"A3, B4, C5, D2, E3",60.0,40.0,50.0,45.0,40.0,195.0,False,,False
"A3, B4, C5, D3, E1",35.0,55.0,60.0,30.0,30.0,180.0,False,,False
"A3, B4, C5, D3, E2",40.0,35.0,55.0,55.0,35.0,185.0,False,,False
"A3, B4, C5, D3, E3",45.0,35.0,50.0,45.0,35.0,175.0,False,,False
"A3, B4, C5, D4, E1",30.0,50.0,60.0,30.0,30.0,170.0,False,,False
"A3, B4, C5, D4, E2",35.0,30.0,55.0,55.0,30.0,175.0,False,,False
"A3, B4, C5, D4, E3",40.0,30.0,50.0,45.0,30.0,165.0,False,,False
"A3, B5, C1, D1, E1",45.0,40.0,85.0,45.0,40.0,215.0,False,,False
"A3, B5, C1, D1, E2",50.0,20.0,80.0,70.0,20.0,220.0,False,,True
"A3, B5, C1, D1, E3",55.0,20.0,75.0,60.0,20.0,210.0,False,,False
"A3, B5, C1, D2, E1",50.0,40.0,80.0,45.0,40.0,215.0,False,,False
"A3, B5, C1, D2, E2",55.0,20.0,75.0,70.0,20.0,220.0,False,,True
"A3, B5, C1, D2, E3",60.0,20.0,70.0,60.0,20.0,210.0,False,,True
"A3, B5, C1, D3, E1",35.0,35.0,80.0,45.0,35.0,195.0,False,,False
"A3, B5, C1, D3, E2",40.0,15.0,75.0,70.0,15.0,200.0,False,,False
"A3, B5, C1, D3, E3",45.0,15.0,70.0,60.0,15.0,190.0,False,,False
"A3, B5, C1, D4, E1",30.0,30.0,80.0,45.0,30.0,185.0,False,,False
"A3, B5, C1, D4, E2",35.0,10.0,75.0,70.0,10.0,190.0,False,,False
"A3, B5, C1, D4, E3",40.0,10.0,70.0,60.0,10.0,180.0,False,,False
"A3, B5, C2, D1, E1",45.0,70.0,65.0,45.0,45.0,225.0,False,,False
"A3, B5, C2, D1, E2",50.0,50.0,60.0,70.0,50.0,230.0,False,,False
"A3, B5, C2, D1, E3",55.0,50.0,55.0,60.0,50.0,220.0,False,,False
"A3, B5, C2, D2, E1",50.0,70.0,60.0,45.0,45.0,225.0,False,,False
"A3, B5, C2, D2, E2",55.0,50.0,55.0,70.0,50.0,230.0,False,,False
"A3, B5, C2, D2, E3",60.0,50.0,50.0,60.0,50.0,220.0,False,,True
"A3, B5, C2, D3, E1",35.0,65.0,60.0,45.0,35.0,205.0,False,,False
"A3, B5, C2, D3, E2",40.0,45.0,55.0,70.0,40.0,210.0,False,,False
"A3, B5, C2, D3, E3",45.0,45.0,50.0,60.0,45.0,200.0,False,,False
"A3, B5, C2, D4, E1",30.0,60.0,60.0,45.0,30.0,195.0,False,,False
"A3, B5, C2, D4, E2",35.0,40.0,55.0,70.0,35.0,200.0,False,,False
"A3, B5, C2, D4, E3",40.0,40.0,50.0,60.0,40.0,190.0,False,,False
"A3, B5, C3, D1, E1",35.0,70.0,55.0,55.0,35.0,215.0,False,,False
"A3, B5, C3, D1, E2",40.0,50.0,50.0,80.0,40.0,220.0,False,,False
"A3, B5, C3, D1, E3",45.0,50.0,45.0,70.0,45.0,210.0,False,,False
"A3, B5, C3, D2, E1",40.0,70.0,50.0,55.0,40.0,215.0,False,,False
"A3, B5, C3, D2, E2",45.0,50.0,45.0,80.0,45.0,220.0,False,,False
"A3, B5, C3, D2, E3",50.0,50.0,40.0,70.0,40.0,210.0,False,,False
"A3, B5, C3, D3, E1",25.0,65.0,50.0,55.0,25.0,195.0,False,,False
"A3, B5, C3, D3, E2",30.0,45.0,45.0,80.0,30.0,200.0,False,,False
"A3, B5, C3, D3, E3",35.0,45.0,40.0,70.0,35.0,190.0,False,,False
"A3, B5, C3, D4, E1",20.0,60.0,50.0,55.0,20.0,185.0,False,,False
"A3, B5, C3, D4, E2",25.0,40.0,45.0,80.0,25.0,190.0,False,,False
"A3, B5, C3, D4, E3",30.0,40.0,40.0,70.0,30.0,180.0,False,,False
"A3, B5, C4, D1, E1",40.0,70.0,75.0,60.0,40.0,245.0,False,,True
"A3, B5, C4, D1, E2",45.0,50.0,70.0,85.0,45.0,250.0,False,,True
"A3, B5, C4, D1, E3",50.0,50.0,65.0,75.0,50.0,240.0,False,,False
"A3, B5, C4, D2, E1",45.0,70.0,70.0,60.0,45.0,245.0,False,,True
"A3, B5, C4, D2, E2",50.0,50.0,65.0,85.0,50.0,250.0,False,,True
"A3, B5, C4, D2, E3",55.0,50.0,60.0,75.0,50.0,240.0,False,,True
"A3, B5, C4, D3, E1",30.0,65.0,70.0,60.0,30.0,225.0,False,,False
"A3, B5, C4, D3, E2",35.0,45.0,65.0,85.0,35.0,230.0,False,,False
"A3, B5, C4, D3, E3",40.0,45.0,60.0,75.0,40.0,220.0,False,,False
"A3, B5, C4, D4, E1",25.0,60.0,70.0,60.0,25.0,215.0,False,,False
"A3, B5, C4, D4, E2",30.0,40.0,65.0,85.0,30.0,220.0,False,,False
"A3, B5, C4, D4, E3",35.0,40.0,60.0,75.0,35.0,210.0,False,,False
"A3, B5, C5, D1, E1",45.0,50.0,70.0,55.0,45.0,220.0,False,,False
"A3, B5, C5, D1, E2",50.0,30.0,65.0,80.0,30.0,225.0,False,,False
"A3, B5, C5, D1, E3",55.0,30.0,60.0,70.0,30.0,215.0,False,,False
"A3, B5, C5, D2, E1",50.0,50.0,65.0,55.0,50.0,220.0,False,,False
"A3, B5, C5, D2, E2",55.0,30.0,60.0,80.0,30.0,225.0,False,,False
"A3, B5, C5, D2, E3",60.0,30.0,55.0,70.0,30.0,215.0,False,,False
"A3, B5, C5, D3, E1",35.0,45.0,65.0,55.0,35.0,200.0,False,,False
"A3, B5, C5, D3, E2",40.0,25.0,60.0,80.0,25.0,205.0,False,,False
"A3, B5, C5, D3, E3",45.0,25.0,55.0,70.0,25.0,195.0,False,,False
"A3, B5, C5, D4, E1",30.0,40.0,65.0,55.0,30.0,190.0,False,,False
"A3, B5, C5, D4, E2",35.0,20.0,60.0,80.0,20.0,195.0,False,,False
"A3, B5, C5, D4, E3",40.0,20.0,55.0,70.0,20.0,185.0,False,,False
"A4, B1, C1, D1, E1",65.0,35.0,90.0,5.0,5.0,195.0,False,,False
"A4, B1, C1, D1, E2",70.0,15.0,85.0,30.0,15.0,200.0,False,,False
"A4, B1, C1, D1, E3",75.0,15.0,80.0,20.0,15.0,190.0,False,,False
"A4, B1, C1, D2, E1",70.0,35.0,85.0,5.0,5.0,195.0,False,,False
"A4, B1, C1, D2, E2",75.0,15.0,80.0,30.0,15.0,200.0,False,,False
"A4, B1, C1, D2, E3",80.0,15.0,75.0,20.0,15.0,190.0,False,,False
"A4, B1, C1, D3, E1",55.0,30.0,85.0,5.0,5.0,175.0,False,,False
"A4, B1, C1, D3, E2",60.0,10.0,80.0,30.0,10.0,180.0,False,,False
"A4, B1, C1, D3, E3",65.0,10.0,75.0,20.0,10.0,170.0,False,,False
"A4, B1, C1, D4, E1",50.0,25.0,85.0,5.0,5.0,165.0,False,,False
"A4, B1, C1, D4, E2",55.0,5.0,80.0,30.0,5.0,170.0,False,,False
"A4, B1, C1, D4, E3",60.0,5.0,75.0,20.0,5.0,160.0,False,,False
"A4, B1, C2, D1, E1",65.0,65.0,70.0,5.0,5.0,205.0,False,,False
"A4, B1, C2, D1, E2",70.0,45.0,65.0,30.0,30.0,210.0,False,,False
"A4, B1, C2, D1, E3",75.0,45.0,60.0,20.0,20.0,200.0,False,,False
"A4, B1, C2, D2, E1",70.0,65.0,65.0,5.0,5.0,205.0,False,,False
"A4, B1, C2, D2, E2",75.0,45.0,60.0,30.0,30.0,210.0,False,,False
"A4, B1, C2, D2, E3",80.0,45.0,55.0,20.0,20.0,200.0,False,,False
"A4, B1, C2, D3, E1",55.0,60.0,65.0,5.0,5.0,185.0,False,,False
"A4, B1, C2, D3, E2",60.0,40.0,60.0,30.0,30.0,190.0,False,,False
"A4, B1, C2, D3, E3",65.0,40.0,55.0,20.0,20.0,180.0,False,,False
"A4, B1, C2, D4, E1",50.0,55.0,65.0,5.0,5.0,175.0,False,,False
"A4, B1, C2, D4, E2",55.0,35.0,60.0,30.0,30.0,180.0,False,,False
"A4, B1, C2, D4, E3",60.0,35.0,55.0,20.0,20.0,170.0,False,,False
"A4, B1, C3, D1, E1",55.0,65.0,60.0,15.0,15.0,195.0,False,,False
"A4, B1, C3, D1, E2",60.0,45.0,55.0,40.0,40.0,200.0,False,,False
"A4, B1, C3, D1, E3",65.0,45.0,50.0,30.0,30.0,190.0,False,,False
"A4, B1, C3, D2, E1",60.0,65.0,55.0,15.0,15.0,195.0,False,,False
"A4, B1, C3, D2, E2",65.0,45.0,50.0,40.0,40.0,200.0,False,,False
"A4, B1, C3, D2, E3",70.0,45.0,45.0,30.0,30.0,190.0,False,,False
"A4, B1, C3, D3, E1",45.0,60.0,55.0,15.0,15.0,175.0,False,,False
"A4, B1, C3, D3, E2",50.0,40.0,50.0,40.0,40.0,180.0,False,,False
"A4, B1, C3, D3, E3",55.0,40.0,45.0,30.0,30.0,170.0,False,,False
"A4, B1, C3, D4, E1",40.0,55.0,55.0,15.0,15.0,165.0,False,,False
"A4, B1, C3, D4, E2",45.0,35.0,50.0,40.0,35.0,170.0,False,,False
"A4, B1, C3, D4, E3",50.0,35.0,45.0,30.0,30.0,160.0,False,,False
"A4, B1, C4, D1, E1",60.0,65.0,80.0,20.0,20.0,225.0,False,,False
"A4, B1, C4, D1, E2",65.0,45.0,75.0,45.0,45.0,230.0,False,,False
"A4, B1, C4, D1, E3",70.0,45.0,70.0,35.0,35.0,220.0,False,,False
"A4, B1, C4, D2, E1",65.0,65.0,75.0,20.0,20.0,225.0,False,,False
"A4, B1, C4, D2, E2",70.0,45.0,70.0,45.0,45.0,230.0,False,,False
"A4, B1, C4, D2, E3",75.0,45.0,65.0,35.0,35.0,220.0,False,,False
"A4, B1, C4, D3, E1",50.0,60.0,75.0,20.0,20.0,205.0,False,,False
"A4, B1, C4, D3, E2",55.0,40.0,70.0,45.0,40.0,210.0,False,,False
"A4, B1, C4, D3, E3",60.0,40.0,65.0,35.0,35.0,200.0,False,,False
"A4, B1, C4, D4, E1",45.0,55.0,75.0,20.0,20.0,195.0,False,,False
"A4, B1, C4, D4, E2",50.0,35.0,70.0,45.0,35.0,200.0,False,,False
"A4, B1, C4, D4, E3",55.0,35.0,65.0,35.0,35.0,190.0,False,,False
"A4, B1, C5, D1, E1",65.0,45.0,75.0,15.0,15.0,200.0,False,,False
"A4, B1, C5, D1, E2",70.0,25.0,70.0,40.0,25.0,205.0,False,,False
"A4, B1, C5, D1, E3",75.0,25.0,65.0,30.0,25.0,195.0,False,,False
"A4, B1, C5, D2, E1",70.0,45.0,70.0,15.0,15.0,200.0,False,,False
"A4, B1, C5, D2, E2",75.0,25.0,65.0,40.0,25.0,205.0,False,,False
"A4, B1, C5, D2, E3",80.0,25.0,60.0,30.0,25.0,195.0,False,,False
"A4, B1, C5, D3, E1",55.0,40.0,70.0,15.0,15.0,180.0,False,,False
"A4, B1, C5, D3, E2",60.0,20.0,65.0,40.0,20.0,185.0,False,,False
"A4, B1, C5, D3, E3",65.0,20.0,60.0,30.0,20.0,175.0,False,,False
"A4, B1, C5, D4, E1",50.0,35.0,70.0,15.0,15.0,170.0,False,,False
"A4, B1, C5, D4, E2",55.0,15.0,65.0,40.0,15.0,175.0,False,,False
"A4, B1, C5, D4, E3",60.0,15.0,60.0,30.0,15.0,165.0,False,,False
"A4, B2, C1, D1, E1",85.0,35.0,85.0,5.0,5.0,210.0,False,,True
"A4, B2, C1, D1, E2",90.0,15.0,80.0,30.0,15.0,215.0,False,,True
"A4, B2, C1, D1, E3",95.0,15.0,75.0,20.0,15.0,205.0,False,,False
"A4, B2, C1, D2, E1",90.0,35.0,80.0,5.0,5.0,210.0,False,,True
"A4, B2, C1, D2, E2",95.0,15.0,75.0,30.0,15.0,215.0,False,,True
"A4, B2, C1, D2, E3",100.0,15.0,70.0,20.0,15.0,205.0,False,,True
"A4, B2, C1, D3, E1",75.0,30.0,80.0,5.0,5.0,190.0,False,,False
"A4, B2, C1, D3, E2",80.0,10.0,75.0,30.0,10.0,195.0,False,,False
"A4, B2, C1, D3, E3",85.0,10.0,70.0,20.0,10.0,185.0,False,,False
"A4, B2, C1, D4, E1",70.0,25.0,80.0,5.0,5.0,180.0,False,,False
"A4, B2, C1, D4, E2",75.0,5.0,75.0,30.0,5.0,185.0,False,,False
"A4, B2, C1, D4, E3",80.0,5.0,70.0,20.0,5.0,175.0,False,,False
"A4, B2, C2, D1, E1",85.0,65.0,65.0,5.0,5.0,220.0,False,,False
"A4, B2, C2, D1, E2",90.0,45.0,60.0,30.0,30.0,225.0,False,,False
"A4, B2, C2, D1, E3",95.0,45.0,55.0,20.0,20.0,215.0,False,,False
"A4, B2, C2, D2, E1",90.0,65.0,60.0,5.0,5.0,220.0,False,,True
"A4, B2, C2, D2, E2",95.0,45.0,55.0,30.0,30.0,225.0,False,,False
"A4, B2, C2, D2, E3",100.0,45.0,50.0,20.0,20.0,215.0,False,,True
"A4, B2, C2, D3, E1",75.0,60.0,60.0,5.0,5.0,200.0,False,,False
"A4, B2, C2, D3, E2",80.0,40.0,55.0,30.0,30.0,205.0,False,,False
"A4, B2, C2, D3, E3",85.0,40.0,50.0,20.0,20.0,195.0,False,,False
"A4, B2, C2, D4, E1",70.0,55.0,60.0,5.0,5.0,190.0,False,,False
"A4, B2, C2, D4, E2",75.0,35.0,55.0,30.0,30.0,195.0,False,,False
"A4, B2, C2, D4, E3",80.0,35.0,50.0,20.0,20.0,185.0,False,,False
"A4, B2, C3, D1, E1",75.0,65.0,55.0,15.0,15.0,210.0,False,,False
"A4, B2, C3, D1, E2",80.0,45.0,50.0,40.0,40.0,215.0,False,,False
"A4, B2, C3, D1, E3",85.0,45.0,45.0,30.0,30.0,205.0,False,,False
"A4, B2, C3, D2, E1",80.0,65.0,50.0,15.0,15.0,210.0,False,,False
"A4, B2, C3, D2, E2",85.0,45.0,45.0,40.0,40.0,215.0,False,,False
"A4, B2, C3, D2, E3",90.0,45.0,40.0,30.0,30.0,205.0,False,,False
"A4, B2, C3, D3, E1",65.0,60.0,50.0,15.0,15.0,190.0,False,,False
"A4, B2, C3, D3, E2",70.0,40.0,45.0,40.0,40.0,195.0,False,,False
"A4, B2, C3, D3, E3",75.0,40.0,40.0,30.0,30.0,185.0,False,,False
"A4, B2, C3, D4, E1",60.0,55.0,50.0,15.0,15.0,180.0,False,,False
"A4, B2, C3, D4, E2",65.0,35.0,45.0,40.0,35.0,185.0,False,,False
"A4, B2, C3, D4, E3",70.0,35.0,40.0,30.0,30.0,175.0,False,,False
"A4, B2, C4, D1, E1",80.0,65.0,75.0,20.0,20.0,240.0,False,,True
"A4, B2, C4, D1, E2",85.0,45.0,70.0,45.0,45.0,245.0,False,,True
"A4, B2, C4, D1, E3",90.0,45.0,65.0,35.0,35.0,235.0,False,,False
"A4, B2, C4, D2, E1",85.0,65.0,70.0,20.0,20.0,240.0,False,,True
"A4, B2, C4, D2, E2",90.0,45.0,65.0,45.0,45.0,245.0,False,,True
"A4, B2, C4, D2, E3",95.0,45.0,60.0,35.0,35.0,235.0,False,,True
"A4, B2, C4, D3, E1",70.0,60.0,70.0,20.0,20.0,220.0,False,,False
"A4, B2, C4, D3, E2",75.0,40.0,65.0,45.0,40.0,225.0,False,,False
"A4, B2, C4, D3, E3",80.0,40.0,60.0,35.0,35.0,215.0,False,,False
"A4, B2, C4, D4, E1",65.0,55.0,70.0,20.0,20.0,210.0,False,,False
"A4, B2, C4, D4, E2",70.0,35.0,65.0,45.0,35.0,215.0,False,,False
"A4, B2, C4, D4, E3",75.0,35.0,60.0,35.0,35.0,205.0,False,,False
"A4, B2, C5, D1, E1",85.0,45.0,70.0,15.0,15.0,215.0,False,,False
"A4, B2, C5, D1, E2",90.0,25.0,65.0,40.0,25.0,220.0,False,,False
"A4, B2, C5, D1, E3",95.0,25.0,60.0,30.0,25.0,210.0,False,,False
"A4, B2, C5, D2, E1",90.0,45.0,65.0,15.0,15.0,215.0,False,,False
"A4, B2, C5, D2, E2",95.0,25.0,60.0,40.0,25.0,220.0,False,,True
"A4, B2, C5, D2, E3",100.0,25.0,55.0,30.0,25.0,210.0,False,,True
"A4, B2, C5, D3, E1",75.0,40.0,65.0,15.0,15.0,195.0,False,,False
"A4, B2, C5, D3, E2",80.0,20.0,60.0,40.0,20.0,200.0,False,,False
"A4, B2, C5, D3, E3",85.0,20.0,55.0,30.0,20.0,190.0,False,,False
"A4, B2, C5, D4, E1",70.0,35.0,65.0,15.0,15.0,185.0,False,,False
"A4, B2, C5, D4, E2",75.0,15.0,60.0,40.0,15.0,190.0,False,,False
"A4, B2, C5, D4, E3",80.0,15.0,55.0,30.0,15.0,180.0,False,,False
"A4, B3, C1, D1, E1",70.0,40.0,80.0,15.0,15.0,205.0,False,,True
"A4, B3, C1, D1, E2",75.0,20.0,75.0,40.0,20.0,210.0,False,,True
"A4, B3, C1, D1, E3",80.0,20.0,70.0,30.0,20.0,200.0,False,,False
"A4, B3, C1, D2, E1",75.0,40.0,75.0,15.0,15.0,205.0,False,,False
"A4, B3, C1, D2, E2",80.0,20.0,70.0,40.0,20.0,210.0,False,,False
"A4, B3, C1, D2, E3",85.0,20.0,65.0,30.0,20.0,200.0,False,,False
"A4, B3, C1, D3, E1",60.0,35.0,75.0,15.0,15.0,185.0,False,,False
"A4, B3, C1, D3, E2",65.0,15.0,70.0,40.0,15.0,190.0,False,,False
"A4, B3, C1, D3, E3",70.0,15.0,65.0,30.0,15.0,180.0,False,,False
"A4, B3, C1, D4, E1",55.0,30.0,75.0,15.0,15.0,175.0,False,,False
"A4, B3, C1, D4, E2",60.0,10.0,70.0,40.0,10.0,180.0,False,,False
"A4, B3, C1, D4, E3",65.0,10.0,65.0,30.0,10.0,170.0,False,,False
"A4, B3, C2, D1, E1",70.0,70.0,60.0,15.0,15.0,215.0,False,,False
"A4, B3, C2, D1, E2",75.0,50.0,55.0,40.0,40.0,220.0,False,,False
"A4, B3, C2, D1, E3",80.0,50.0,50.0,30.0,30.0,210.0,False,,False
"A4, B3, C2, D2, E1",75.0,70.0,55.0,15.0,15.0,215.0,False,,True
"A4, B3, C2, D2, E2",80.0,50.0,50.0,40.0,40.0,220.0,False,,False
"A4, B3, C2, D2, E3",85.0,50.0,45.0,30.0,30.0,210.0,False,,True
"A4, B3, C2, D3, E1",60.0,65.0,55.0,15.0,15.0,195.0,False,,False
"A4, B3, C2, D3, E2",65.0,45.0,50.0,40.0,40.0,200.0,False,,False
"A4, B3, C2, D3, E3",70.0,45.0,45.0,30.0,30.0,190.0,False,,False
"A4, B3, C2, D4, E1",55.0,60.0,55.0,15.0,15.0,185.0,False,,False
"A4, B3, C2, D4, E2",60.0,40.0,50.0,40.0,40.0,190.0,False,,False
"A4, B3, C2, D4, E3",65.0,40.0,45.0,30.0,30.0,180.0,False,,False
"A4, B3, C3, D1, E1",60.0,70.0,50.0,25.0,25.0,205.0,False,,False
"A4, B3, C3, D1, E2",65.0,50.0,45.0,50.0,45.0,210.0,False,,False
"A4, B3, C3, D1, E3",70.0,50.0,40.0,40.0,40.0,200.0,False,,False
"A4, B3, C3, D2, E1",65.0,70.0,45.0,25.0,25.0,205.0,False,,False
"A4, B3, C3, D2, E2",70.0,50.0,40.0,50.0,40.0,210.0,False,,False
"A4, B3, C3, D2, E3",75.0,50.0,35.0,40.0,35.0,200.0,False,,False
"A4, B3, C3, D3, E1",50.0,65.0,45.0,25.0,25.0,185.0,False,,False
"A4, B3, C3, D3, E2",55.0,45.0,40.0,50.0,40.0,190.0,False,,False
"A4, B3, C3, D3, E3",60.0,45.0,35.0,40.0,35.0,180.0,False,,False
"A4, B3, C3, D4, E1",45.0,60.0,45.0,25.0,25.0,175.0,False,,False
"A4, B3, C3, D4, E2",50.0,40.0,40.0,50.0,40.0,180.0,False,,False
"A4, B3, C3, D4, E3",55.0,40.0,35.0,40.0,35.0,170.0,False,,False
"A4, B3, C4, D1, E1",65.0,70.0,70.0,30.0,30.0,235.0,False,,True
"A4, B3, C4, D1, E2",70.0,50.0,65.0,55.0,50.0,240.0,False,,True
"A4, B3, C4, D1, E3",75.0,50.0,60.0,45.0,45.0,230.0,False,,False
"A4, B3, C4, D2, E1",70.0,70.0,65.0,30.0,30.0,235.0,False,,True
"A4, B3, C4, D2, E2",75.0,50.0,60.0,55.0,50.0,240.0,False,,True
"A4, B3, C4, D2, E3",80.0,50.0,55.0,45.0,45.0,230.0,False,,True
"A4, B3, C4, D3, E1",55.0,65.0,65.0,30.0,30.0,215.0,False,,False
"A4, B3, C4, D3, E2",60.0,45.0,60.0,55.0,45.0,220.0,False,,False
"A4, B3, C4, D3, E3",65.0,45.0,55.0,45.0,45.0,210.0,False,,False
"A4, B3, C4, D4, E1",50.0,60.0,65.0,30.0,30.0,205.0,False,,False
"A4, B3, C4, D4, E2",55.0,40.0,60.0,55.0,40.0,210.0,False,,False
"A4, B3, C4, D4, E3",60.0,40.0,55.0,45.0,40.0,200.0,False,,False
"A4, B3, C5, D1, E1",70.0,50.0,65.0,25.0,25.0,210.0,False,,False
"A4, B3, C5, D1, E2",75.0,30.0,60.0,50.0,30.0,215.0,False,,False
"A4, B3, C5, D1, E3",80.0,30.0,55.0,40.0,30.0,205.0,False,,False
"A4, B3, C5, D2, E1",75.0,50.0,60.0,25.0,25.0,210.0,False,,False
"A4, B3, C5, D2, E2",80.0,30.0,55.0,50.0,30.0,215.0,False,,True
"A4, B3, C5, D2, E3",85.0,30.0,50.0,40.0,30.0,205.0,False,,False
"A4, B3, C5, D3, E1",60.0,45.0,60.0,25.0,25.0,190.0,False,,False
"A4, B3, C5, D3, E2",65.0,25.0,55.0,50.0,25.0,195.0,False,,False
"A4, B3, C5, D3, E3",70.0,25.0,50.0,40.0,25.0,185.0,False,,False
"A4, B3, C5, D4, E1",55.0,40.0,60.0,25.0,25.0,180.0,False,,False
"A4, B3, C5, D4, E2",60.0,20.0,55.0,50.0,20.0,185.0,False,,False
"A4, B3, C5, D4, E3",65.0,20.0,50.0,40.0,20.0,175.0,False,,False
"A4, B4, C1, D1, E1",65.0,40.0,70.0,15.0,15.0,190.0,False,,False
"A4, B4, C1, D1, E2",70.0,20.0,65.0,40.0,20.0,195.0,False,,False
"A4, B4, C1, D1, E3",75.0,20.0,60.0,30.0,20.0,185.0,False,,False
"A4, B4, C1, D2, E1",70.0,40.0,65.0,15.0,15.0,190.0,False,,False
"A4, B4, C1, D2, E2",75.0,20.0,60.0,40.0,20.0,195.0,False,,False
"A4, B4, C1, D2, E3",80.0,20.0,55.0,30.0,20.0,185.0,False,,False
"A4, B4, C1, D3, E1",55.0,35.0,65.0,15.0,15.0,170.0,False,,False
"A4, B4, C1, D3, E2",60.0,15.0,60.0,40.0,15.0,175.0,False,,False
"A4, B4, C1, D3, E3",65.0,15.0,55.0,30.0,15.0,165.0,False,,False
"A4, B4, C1, D4, E1",50.0,30.0,65.0,15.0,15.0,160.0,False,,False
"A4, B4, C1, D4, E2",55.0,10.0,60.0,40.0,10.0,165.0,False,,False
"A4, B4, C1, D4, E3",60.0,10.0,55.0,30.0,10.0,155.0,False,,False
"A4, B4, C2, D1, E1",65.0,70.0,50.0,15.0,15.0,200.0,False,,False
"A4, B4, C2, D1, E2",70.0,50.0,45.0,40.0,40.0,205.0,False,,False
"A4, B4, C2, D1, E3",75.0,50.0,40.0,30.0,30.0,195.0,False,,False
"A4, B4, C2, D2, E1",70.0,70.0,45.0,15.0,15.0,200.0,False,,False
"A4, B4, C2, D2, E2",75.0,50.0,40.0,40.0,40.0,205.0,False,,False
"A4, B4, C2, D2, E3",80.0,50.0,35.0,30.0,30.0,195.0,False,,False
"A4, B4, C2, D3, E1",55.0,65.0,45.0,15.0,15.0,180.0,False,,False
"A4, B4, C2, D3, E2",60.0,45.0,40.0,40.0,40.0,185.0,False,,False
"A4, B4, C2, D3, E3",65.0,45.0,35.0,30.0,30.0,175.0,False,,False
"A4, B4, C2, D4, E1",50.0,60.0,45.0,15.0,15.0,170.0,False,,False
"A4, B4, C2, D4, E2",55.0,40.0,40.0,40.0,40.0,175.0,False,,False
"A4, B4, C2, D4, E3",60.0,40.0,35.0,30.0,30.0,165.0,False,,False
"A4, B4, C3, D1, E1",55.0,70.0,40.0,25.0,25.0,190.0,False,,False
"A4, B4, C3, D1, E2",60.0,50.0,35.0,50.0,35.0,195.0,False,,False
"A4, B4, C3, D1, E3",65.0,50.0,30.0,40.0,30.0,185.0,False,,False
"A4, B4, C3, D2, E1",60.0,70.0,35.0,25.0,25.0,190.0,False,,False
"A4, B4, C3, D2, E2",65.0,50.0,30.0,50.0,30.0,195.0,False,,False
"A4, B4, C3, D2, E3",70.0,50.0,25.0,40.0,25.0,185.0,False,,False
"A4, B4, C3, D3, E1",45.0,65.0,35.0,25.0,25.0,170.0,False,,False
"A4, B4, C3, D3, E2",50.0,45.0,30.0,50.0,30.0,175.0,False,,False
"A4, B4, C3, D3, E3",55.0,45.0,25.0,40.0,25.0,165.0,False,,False
"A4, B4, C3, D4, E1",40.0,60.0,35.0,25.0,25.0,160.0,False,,False
"A4, B4, C3, D4, E2",45.0,40.0,30.0,50.0,30.0,165.0,False,,False
"A4, B4, C3, D4, E3",50.0,40.0,25.0,40.0,25.0,155.0,False,,False
"A4, B4, C4, D1, E1",60.0,70.0,60.0,30.0,30.0,220.0,False,,False
"A4, B4, C4, D1, E2",65.0,50.0,55.0,55.0,50.0,225.0,False,,False
"A4, B4, C4, D1, E3",70.0,50.0,50.0,45.0,45.0,215.0,False,,False
"A4, B4, C4, D2, E1",65.0,70.0,55.0,30.0,30.0,220.0,False,,False
"A4, B4, C4, D2, E2",70.0,50.0,50.0,55.0,50.0,225.0,False,,False
"A4, B4, C4, D2, E3",75.0,50.0,45.0,45.0,45.0,215.0,False,,False
"A4, B4, C4, D3, E1",50.0,65.0,55.0,30.0,30.0,200.0,False,,False
"A4, B4, C4, D3, E2",55.0,45.0,50.0,55.0,45.0,205.0,False,,False
"A4, B4, C4, D3, E3",60.0,45.0,45.0,45.0,45.0,195.0,False,,False
"A4, B4, C4, D4, E1",45.0,60.0,55.0,30.0,30.0,190.0,False,,False
"A4, B4, C4, D4, E2",50.0,40.0,50.0,55.0,40.0,195.0,False,,False
"A4, B4, C4, D4, E3",55.0,40.0,45.0,45.0,40.0,185.0,False,,False
"A4, B4, C5, D1, E1",65.0,50.0,55.0,25.0,25.0,195.0,False,,False
"A4, B4, C5, D1, E2",70.0,30.0,50.0,50.0,30.0,200.0,False,,False
"A4, B4, C5, D1, E3",75.0,30.0,45.0,40.0,30.0,190.0,False,,False
"A4, B4, C5, D2, E1",70.0,50.0,50.0,25.0,25.0,195.0,False,,False
"A4, B4, C5, D2, E2",75.0,30.0,45.0,50.0,30.0,200.0,False,,False
"A4, B4, C5, D2, E3",80.0,30.0,40.0,40.0,30.0,190.0,False,,False
"A4, B4, C5, D3, E1",55.0,45.0,50.0,25.0,25.0,175.0,False,,False
"A4, B4, C5, D3, E2",60.0,25.0,45.0,50.0,25.0,180.0,False,,False
"A4, B4, C5, D3, E3",65.0,25.0,40.0,40.0,25.0,170.0,False,,False
"A4, B4, C5, D4, E1",50.0,40.0,50.0,25.0,25.0,165.0,False,,False
"A4, B4, C5, D4, E2",55.0,20.0,45.0,50.0,20.0,170.0,False,,False
"A4, B4, C5, D4, E3",60.0,20.0,40.0,40.0,20.0,160.0,False,,False
"A4, B5, C1, D1, E1",65.0,30.0,75.0,40.0,30.0,210.0,False,,False
"A4, B5, C1, D1, E2",70.0,10.0,70.0,65.0,10.0,215.0,False,,True
"A4, B5, C1, D1, E3",75.0,10.0,65.0,55.0,10.0,205.0,False,,False
"A4, B5, C1, D2, E1",70.0,30.0,70.0,40.0,30.0,210.0,False,,False
"A4, B5, C1, D2, E2",75.0,10.0,65.0,65.0,10.0,215.0,False,,True
"A4, B5, C1, D2, E3",80.0,10.0,60.0,55.0,10.0,205.0,False,,True
"A4, B5, C1, D3, E1",55.0,25.0,70.0,40.0,25.0,190.0,False,,False
"A4, B5, C1, D3, E2",60.0,5.0,65.0,65.0,5.0,195.0,False,,False
"A4, B5, C1, D3, E3",65.0,5.0,60.0,55.0,5.0,185.0,False,,False
"A4, B5, C1, D4, E1",50.0,20.0,70.0,40.0,20.0,180.0,False,,False
"A4, B5, C1, D4, E2",55.0,0.0,65.0,65.0,0.0,185.0,False,,False
"A4, B5, C1, D4, E3",60.0,0.0,60.0,55.0,0.0,175.0,False,,False
"A4, B5, C2, D1, E1",65.0,60.0,55.0,40.0,40.0,220.0,False,,False
"A4, B5, C2, D1, E2",70.0,40.0,50.0,65.0,40.0,225.0,False,,False
"A4, B5, C2, D1, E3",75.0,40.0,45.0,55.0,40.0,215.0,False,,False
"A4, B5, C2, D2, E1",70.0,60.0,50.0,40.0,40.0,220.0,False,,True
"A4, B5, C2, D2, E2",75.0,40.0,45.0,65.0,40.0,225.0,False,,False
"A4, B5, C2, D2, E3",80.0,40.0,40.0,55.0,40.0,215.0,False,,True
"A4, B5, C2, D3, E1",55.0,55.0,50.0,40.0,40.0,200.0,False,,False
"A4, B5, C2, D3, E2",60.0,35.0,45.0,65.0,35.0,205.0,False,,False
"A4, B5, C2, D3, E3",65.0,35.0,40.0,55.0,35.0,195.0,False,,False
"A4, B5, C2, D4, E1",50.0,50.0,50.0,40.0,40.0,190.0,False,,False
"A4, B5, C2, D4, E2",55.0,30.0,45.0,65.0,30.0,195.0,False,,False
"A4, B5, C2, D4, E3",60.0,30.0,40.0,55.0,30.0,185.0,False,,False
"A4, B5, C3, D1, E1",55.0,60.0,45.0,50.0,45.0,210.0,False,,False
"A4, B5, C3, D1, E2",60.0,40.0,40.0,75.0,40.0,215.0,False,,False
"A4, B5, C3, D1, E3",65.0,40.0,35.0,65.0,35.0,205.0,False,,False
"A4, B5, C3, D2, E1",60.0,60.0,40.0,50.0,40.0,210.0,False,,False
"A4, B5, C3, D2, E2",65.0,40.0,35.0,75.0,35.0,215.0,False,,False
"A4, B5, C3, D2, E3",70.0,40.0,30.0,65.0,30.0,205.0,False,,False
"A4, B5, C3, D3, E1",45.0,55.0,40.0,50.0,40.0,190.0,False,,False
"A4, B5, C3, D3, E2",50.0,35.0,35.0,75.0,35.0,195.0,False,,False
"A4, B5, C3, D3, E3",55.0,35.0,30.0,65.0,30.0,185.0,False,,False
"A4, B5, C3, D4, E1",40.0,50.0,40.0,50.0,40.0,180.0,False,,False
"A4, B5, C3, D4, E2",45.0,30.0,35.0,75.0,30.0,185.0,False,,False
"A4, B5, C3, D4, E3",50.0,30.0,30.0,65.0,30.0,175.0,False,,False
"A4, B5, C4, D1, E1",60.0,60.0,65.0,55.0,55.0,240.0,False,,True
"A4, B5, C4, D1, E2",65.0,40.0,60.0,80.0,40.0,245.0,False,,True
"A4, B5, C4, D1, E3",70.0,40.0,55.0,70.0,40.0,235.0,False,,False
"A4, B5, C4, D2, E1",65.0,60.0,60.0,55.0,55.0,240.0,False,,True
"A4, B5, C4, D2, E2",70.0,40.0,55.0,80.0,40.0,245.0,False,,True
"A4, B5, C4, D2, E3",75.0,40.0,50.0,70.0,40.0,235.0,False,,True
"A4, B5, C4, D3, E1",50.0,55.0,60.0,55.0,50.0,220.0,False,,False
"A4, B5, C4, D3, E2",55.0,35.0,55.0,80.0,35.0,225.0,False,,False
"A4, B5, C4, D3, E3",60.0,35.0,50.0,70.0,35.0,215.0,False,,False
"A4, B5, C4, D4, E1",45.0,50.0,60.0,55.0,45.0,210.0,False,,False
"A4, B5, C4, D4, E2",50.0,30.0,55.0,80.0,30.0,215.0,False,,False
"A4, B5, C4, D4, E3",55.0,30.0,50.0,70.0,30.0,205.0,False,,False
"A4, B5, C5, D1, E1",65.0,40.0,60.0,50.0,40.0,215.0,False,,False
"A4, B5, C5, D1, E2",70.0,20.0,55.0,75.0,20.0,220.0,False,,False
"A4, B5, C5, D1, E3",75.0,20.0,50.0,65.0,20.0,210.0,False,,False
"A4, B5, C5, D2, E1",70.0,40.0,55.0,50.0,40.0,215.0,False,,False
"A4, B5, C5, D2, E2",75.0,20.0,50.0,75.0,20.0,220.0,False,,True
"A4, B5, C5, D2, E3",80.0,20.0,45.0,65.0,20.0,210.0,False,,True
"A4, B5, C5, D3, E1",55.0,35.0,55.0,50.0,35.0,195.0,False,,False
"A4, B5, C5, D3, E2",60.0,15.0,50.0,75.0,15.0,200.0,False,,False
"A4, B5, C5, D3, E3",65.0,15.0,45.0,65.0,15.0,190.0,False,,False
"A4, B5, C5, D4, E1",50.0,30.0,55.0,50.0,30.0,185.0,False,,False
"A4, B5, C5, D4, E2",55.0,10.0,50.0,75.0,10.0,190.0,False,,False
"A4, B5, C5, D4, E3",60.0,10.0,45.0,65.0,10.0,180.0,False,,False
