package,Consumers,Food industry,Food Safety Authorities,Environmental NGOs,minimum_utility,total_utility,individually_rational_at_65,nash_product,pareto_efficient
"A1, B1, C1, D1, E1",82.0,56.0,42.0,35.0,35.0,215.0,False,,False
"A1, B1, C1, D1, E2",82.0,40.0,31.0,31.0,31.0,184.0,False,,False
"A1, B1, C1, D1, E3",82.0,40.0,32.0,32.0,32.0,186.0,False,,False
"A1, B1, C1, D2, E1",82.0,34.0,53.0,35.0,34.0,204.0,False,,False
"A1, B1, C1, D2, E2",82.0,18.0,42.0,31.0,18.0,173.0,False,,False
"A1, B1, C1, D2, E3",82.0,18.0,43.0,32.0,18.0,175.0,False,,False
"A1, B1, C1, D3, E1",82.0,32.0,43.0,35.0,32.0,192.0,False,,False
"A1, B1, C1, D3, E2",82.0,16.0,32.0,31.0,16.0,161.0,False,,False
"A1, B1, C1, D3, E3",82.0,16.0,33.0,32.0,16.0,163.0,False,,False
"A1, B1, C1, D4, E1",82.0,36.0,44.0,35.0,35.0,197.0,False,,False
"A1, B1, C1, D4, E2",82.0,20.0,33.0,31.0,20.0,166.0,False,,False
"A1, B1, C1, D4, E3",82.0,20.0,34.0,32.0,20.0,168.0,False,,False
"A1, B1, C2, D1, E1",74.0,61.0,41.0,40.0,40.0,216.0,False,,False
"A1, B1, C2, D1, E2",74.0,45.0,30.0,36.0,30.0,185.0,False,,False
"A1, B1, C2, D1, E3",74.0,45.0,31.0,37.0,31.0,187.0,False,,False
"A1, B1, C2, D2, E1",74.0,39.0,52.0,40.0,39.0,205.0,False,,False
"A1, B1, C2, D2, E2",74.0,23.0,41.0,36.0,23.0,174.0,False,,False
"A1, B1, C2, D2, E3",74.0,23.0,42.0,37.0,23.0,176.0,False,,False
"A1, B1, C2, D3, E1",74.0,37.0,42.0,40.0,37.0,193.0,False,,False
"A1, B1, C2, D3, E2",74.0,21.0,31.0,36.0,21.0,162.0,False,,False
"A1, B1, C2, D3, E3",74.0,21.0,32.0,37.0,21.0,164.0,False,,False
"A1, B1, C2, D4, E1",74.0,41.0,43.0,40.0,40.0,198.0,False,,False
"A1, B1, C2, D4, E2",74.0,25.0,32.0,36.0,25.0,167.0,False,,False
"A1, B1, C2, D4, E3",74.0,25.0,33.0,37.0,25.0,169.0,False,,False
"A1, B1, C3, D1, E1",70.0,58.0,41.0,36.0,36.0,205.0,False,,False
"A1, B1, C3, D1, E2",70.0,42.0,30.0,32.0,30.0,174.0,False,,False
"A1, B1, C3, D1, E3",70.0,42.0,31.0,33.0,31.0,176.0,False,,False
"A1, B1, C3, D2, E1",70.0,36.0,52.0,36.0,36.0,194.0,False,,False
"A1, B1, C3, D2, E2",70.0,20.0,41.0,32.0,20.0,163.0,False,,False
"A1, B1, C3, D2, E3",70.0,20.0,42.0,33.0,20.0,165.0,False,,False
"A1, B1, C3, D3, E1",70.0,34.0,42.0,36.0,34.0,182.0,False,,False
"A1, B1, C3, D3, E2",70.0,18.0,31.0,32.0,18.0,151.0,False,,False
"A1, B1, C3, D3, E3",70.0,18.0,32.0,33.0,18.0,153.0,False,,False
"A1, B1, C3, D4, E1",70.0,38.0,43.0,36.0,36.0,187.0,False,,False
"A1, B1, C3, D4, E2",70.0,22.0,32.0,32.0,22.0,156.0,False,,False
"A1, B1, C3, D4, E3",70.0,22.0,33.0,33.0,22.0,158.0,False,,False
"A1, B1, C4, D1, E1",76.0,64.0,47.0,50.0,47.0,237.0,False,,True
"A1, B1, C4, D1, E2",76.0,48.0,36.0,46.0,36.0,206.0,False,,False
"A1, B1, C4, D1, E3",76.0,48.0,37.0,47.0,37.0,208.0,False,,False
"A1, B1, C4, D2, E1",76.0,42.0,58.0,50.0,42.0,226.0,False,,True
"A1, B1, C4, D2, E2",76.0,26.0,47.0,46.0,26.0,195.0,False,,False
"A1, B1, C4, D2, E3",76.0,26.0,48.0,47.0,26.0,197.0,False,,False
"A1, B1, C4, D3, E1",76.0,40.0,48.0,50.0,40.0,214.0,False,,False
"A1, B1, C4, D3, E2",76.0,24.0,37.0,46.0,24.0,183.0,False,,False
"A1, B1, C4, D3, E3",76.0,24.0,38.0,47.0,24.0,185.0,False,,False
"A1, B1, C4, D4, E1",76.0,44.0,49.0,50.0,44.0,219.0,False,,True
"A1, B1, C4, D4, E2",76.0,28.0,38.0,46.0,28.0,188.0,False,,False
"A1, B1, C4, D4, E3",76.0,28.0,39.0,47.0,28.0,190.0,False,,False
"A1, B1, C5, D1, E1",76.0,58.0,40.0,36.0,36.0,210.0,False,,False
"A1, B1, C5, D1, E2",76.0,42.0,29.0,32.0,29.0,179.0,False,,False
"A1, B1, C5, D1, E3",76.0,42.0,30.0,33.0,30.0,181.0,False,,False
"A1, B1, C5, D2, E1",76.0,36.0,51.0,36.0,36.0,199.0,False,,False
"A1, B1, C5, D2, E2",76.0,20.0,40.0,32.0,20.0,168.0,False,,False
"A1, B1, C5, D2, E3",76.0,20.0,41.0,33.0,20.0,170.0,False,,False
"A1, B1, C5, D3, E1",76.0,34.0,41.0,36.0,34.0,187.0,False,,False
"A1, B1, C5, D3, E2",76.0,18.0,30.0,32.0,18.0,156.0,False,,False
"A1, B1, C5, D3, E3",76.0,18.0,31.0,33.0,18.0,158.0,False,,False
"A1, B1, C5, D4, E1",76.0,38.0,42.0,36.0,36.0,192.0,False,,False
"A1, B1, C5, D4, E2",76.0,22.0,31.0,32.0,22.0,161.0,False,,False
"A1, B1, C5, D4, E3",76.0,22.0,32.0,33.0,22.0,163.0,False,,False
"A1, B2, C1, D1, E1",84.0,61.0,37.0,30.0,30.0,212.0,False,,False
"A1, B2, C1, D1, E2",84.0,45.0,26.0,26.0,26.0,181.0,False,,False
"A1, B2, C1, D1, E3",84.0,45.0,27.0,27.0,27.0,183.0,False,,False
"A1, B2, C1, D2, E1",84.0,39.0,48.0,30.0,30.0,201.0,False,,False
"A1, B2, C1, D2, E2",84.0,23.0,37.0,26.0,23.0,170.0,False,,False
"A1, B2, C1, D2, E3",84.0,23.0,38.0,27.0,23.0,172.0,False,,False
"A1, B2, C1, D3, E1",84.0,37.0,38.0,30.0,30.0,189.0,False,,False
"A1, B2, C1, D3, E2",84.0,21.0,27.0,26.0,21.0,158.0,False,,False
"A1, B2, C1, D3, E3",84.0,21.0,28.0,27.0,21.0,160.0,False,,False
"A1, B2, C1, D4, E1",84.0,41.0,39.0,30.0,30.0,194.0,False,,False
"A1, B2, C1, D4, E2",84.0,25.0,28.0,26.0,25.0,163.0,False,,False
"A1, B2, C1, D4, E3",84.0,25.0,29.0,27.0,25.0,165.0,False,,False
"A1, B2, C2, D1, E1",76.0,66.0,36.0,35.0,35.0,213.0,False,,False
"A1, B2, C2, D1, E2",76.0,50.0,25.0,31.0,25.0,182.0,False,,False
"A1, B2, C2, D1, E3",76.0,50.0,26.0,32.0,26.0,184.0,False,,False
"A1, B2, C2, D2, E1",76.0,44.0,47.0,35.0,35.0,202.0,False,,False
"A1, B2, C2, D2, E2",76.0,28.0,36.0,31.0,28.0,171.0,False,,False
"A1, B2, C2, D2, E3",76.0,28.0,37.0,32.0,28.0,173.0,False,,False
"A1, B2, C2, D3, E1",76.0,42.0,37.0,35.0,35.0,190.0,False,,False
"A1, B2, C2, D3, E2",76.0,26.0,26.0,31.0,26.0,159.0,False,,False
"A1, B2, C2, D3, E3",76.0,26.0,27.0,32.0,26.0,161.0,False,,False
"A1, B2, C2, D4, E1",76.0,46.0,38.0,35.0,35.0,195.0,False,,False
"A1, B2, C2, D4, E2",76.0,30.0,27.0,31.0,27.0,164.0,False,,False
"A1, B2, C2, D4, E3",76.0,30.0,28.0,32.0,28.0,166.0,False,,False
"A1, B2, C3, D1, E1",72.0,63.0,36.0,31.0,31.0,202.0,False,,False
"A1, B2, C3, D1, E2",72.0,47.0,25.0,27.0,25.0,171.0,False,,False
"A1, B2, C3, D1, E3",72.0,47.0,26.0,28.0,26.0,173.0,False,,False
"A1, B2, C3, D2, E1",72.0,41.0,47.0,31.0,31.0,191.0,False,,False
"A1, B2, C3, D2, E2",72.0,25.0,36.0,27.0,25.0,160.0,False,,False
"A1, B2, C3, D2, E3",72.0,25.0,37.0,28.0,25.0,162.0,False,,False
"A1, B2, C3, D3, E1",72.0,39.0,37.0,31.0,31.0,179.0,False,,False
"A1, B2, C3, D3, E2",72.0,23.0,26.0,27.0,23.0,148.0,False,,False
"A1, B2, C3, D3, E3",72.0,23.0,27.0,28.0,23.0,150.0,False,,False
"A1, B2, C3, D4, E1",72.0,43.0,38.0,31.0,31.0,184.0,False,,False
"A1, B2, C3, D4, E2",72.0,27.0,27.0,27.0,27.0,153.0,False,,False
"A1, B2, C3, D4, E3",72.0,27.0,28.0,28.0,27.0,155.0,False,,False
"A1, B2, C4, D1, E1",78.0,69.0,42.0,45.0,42.0,234.0,False,,True
"A1, B2, C4, D1, E2",78.0,53.0,31.0,41.0,31.0,203.0,False,,False
"A1, B2, C4, D1, E3",78.0,53.0,32.0,42.0,32.0,205.0,False,,False
"A1, B2, C4, D2, E1",78.0,47.0,53.0,45.0,45.0,223.0,False,,True
"A1, B2, C4, D2, E2",78.0,31.0,42.0,41.0,31.0,192.0,False,,False
"A1, B2, C4, D2, E3",78.0,31.0,43.0,42.0,31.0,194.0,False,,False
"A1, B2, C4, D3, E1",78.0,45.0,43.0,45.0,43.0,211.0,False,,False
"A1, B2, C4, D3, E2",78.0,29.0,32.0,41.0,29.0,180.0,False,,False
"A1, B2, C4, D3, E3",78.0,29.0,33.0,42.0,29.0,182.0,False,,False
"A1, B2, C4, D4, E1",78.0,49.0,44.0,45.0,44.0,216.0,False,,True
"A1, B2, C4, D4, E2",78.0,33.0,33.0,41.0,33.0,185.0,False,,False
"A1, B2, C4, D4, E3",78.0,33.0,34.0,42.0,33.0,187.0,False,,False
"A1, B2, C5, D1, E1",78.0,63.0,35.0,31.0,31.0,207.0,False,,False
"A1, B2, C5, D1, E2",78.0,47.0,24.0,27.0,24.0,176.0,False,,False
"A1, B2, C5, D1, E3",78.0,47.0,25.0,28.0,25.0,178.0,False,,False
"A1, B2, C5, D2, E1",78.0,41.0,46.0,31.0,31.0,196.0,False,,False
"A1, B2, C5, D2, E2",78.0,25.0,35.0,27.0,25.0,165.0,False,,False
"A1, B2, C5, D2, E3",78.0,25.0,36.0,28.0,25.0,167.0,False,,False
"A1, B2, C5, D3, E1",78.0,39.0,36.0,31.0,31.0,184.0,False,,False
"A1, B2, C5, D3, E2",78.0,23.0,25.0,27.0,23.0,153.0,False,,False
"A1, B2, C5, D3, E3",78.0,23.0,26.0,28.0,23.0,155.0,False,,False
"A1, B2, C5, D4, E1",78.0,43.0,37.0,31.0,31.0,189.0,False,,False
"A1, B2, C5, D4, E2",78.0,27.0,26.0,27.0,26.0,158.0,False,,False
"A1, B2, C5, D4, E3",78.0,27.0,27.0,28.0,27.0,160.0,False,,False
"A1, B3, C1, D1, E1",79.0,70.0,49.0,31.0,31.0,229.0,False,,True
"A1, B3, C1, D1, E2",79.0,54.0,38.0,27.0,27.0,198.0,False,,False
"A1, B3, C1, D1, E3",79.0,54.0,39.0,28.0,28.0,200.0,False,,False
"A1, B3, C1, D2, E1",79.0,48.0,60.0,31.0,31.0,218.0,False,,True
"A1, B3, C1, D2, E2",79.0,32.0,49.0,27.0,27.0,187.0,False,,False
"A1, B3, C1, D2, E3",79.0,32.0,50.0,28.0,28.0,189.0,False,,False
"A1, B3, C1, D3, E1",79.0,46.0,50.0,31.0,31.0,206.0,False,,False
"A1, B3, C1, D3, E2",79.0,30.0,39.0,27.0,27.0,175.0,False,,False
"A1, B3, C1, D3, E3",79.0,30.0,40.0,28.0,28.0,177.0,False,,False
"A1, B3, C1, D4, E1",79.0,50.0,51.0,31.0,31.0,211.0,False,,True
"A1, B3, C1, D4, E2",79.0,34.0,40.0,27.0,27.0,180.0,False,,False
"A1, B3, C1, D4, E3",79.0,34.0,41.0,28.0,28.0,182.0,False,,False
"A1, B3, C2, D1, E1",71.0,75.0,48.0,36.0,36.0,230.0,False,,False
"A1, B3, C2, D1, E2",71.0,59.0,37.0,32.0,32.0,199.0,False,,False
"A1, B3, C2, D1, E3",71.0,59.0,38.0,33.0,33.0,201.0,False,,False
"A1, B3, C2, D2, E1",71.0,53.0,59.0,36.0,36.0,219.0,False,,False
"A1, B3, C2, D2, E2",71.0,37.0,48.0,32.0,32.0,188.0,False,,False
"A1, B3, C2, D2, E3",71.0,37.0,49.0,33.0,33.0,190.0,False,,False
"A1, B3, C2, D3, E1",71.0,51.0,49.0,36.0,36.0,207.0,False,,False
"A1, B3, C2, D3, E2",71.0,35.0,38.0,32.0,32.0,176.0,False,,False
"A1, B3, C2, D3, E3",71.0,35.0,39.0,33.0,33.0,178.0,False,,False
"A1, B3, C2, D4, E1",71.0,55.0,50.0,36.0,36.0,212.0,False,,False
"A1, B3, C2, D4, E2",71.0,39.0,39.0,32.0,32.0,181.0,False,,False
"A1, B3, C2, D4, E3",71.0,39.0,40.0,33.0,33.0,183.0,False,,False
"A1, B3, C3, D1, E1",67.0,72.0,48.0,32.0,32.0,219.0,False,,False
"A1, B3, C3, D1, E2",67.0,56.0,37.0,28.0,28.0,188.0,False,,False
"A1, B3, C3, D1, E3",67.0,56.0,38.0,29.0,29.0,190.0,False,,False
"A1, B3, C3, D2, E1",67.0,50.0,59.0,32.0,32.0,208.0,False,,False
"A1, B3, C3, D2, E2",67.0,34.0,48.0,28.0,28.0,177.0,False,,False
"A1, B3, C3, D2, E3",67.0,34.0,49.0,29.0,29.0,179.0,False,,False
"A1, B3, C3, D3, E1",67.0,48.0,49.0,32.0,32.0,196.0,False,,False
"A1, B3, C3, D3, E2",67.0,32.0,38.0,28.0,28.0,165.0,False,,False
"A1, B3, C3, D3, E3",67.0,32.0,39.0,29.0,29.0,167.0,False,,False
"A1, B3, C3, D4, E1",67.0,52.0,50.0,32.0,32.0,201.0,False,,False
"A1, B3, C3, D4, E2",67.0,36.0,39.0,28.0,28.0,170.0,False,,False
"A1, B3, C3, D4, E3",67.0,36.0,40.0,29.0,29.0,172.0,False,,False
"A1, B3, C4, D1, E1",73.0,78.0,54.0,46.0,46.0,251.0,False,,True
"A1, B3, C4, D1, E2",73.0,62.0,43.0,42.0,42.0,220.0,False,,False
"A1, B3, C4, D1, E3",73.0,62.0,44.0,43.0,43.0,222.0,False,,False
"A1, B3, C4, D2, E1",73.0,56.0,65.0,46.0,46.0,240.0,False,,True
"A1, B3, C4, D2, E2",73.0,40.0,54.0,42.0,40.0,209.0,False,,False
"A1, B3, C4, D2, E3",73.0,40.0,55.0,43.0,40.0,211.0,False,,False
"A1, B3, C4, D3, E1",73.0,54.0,55.0,46.0,46.0,228.0,False,,False
"A1, B3, C4, D3, E2",73.0,38.0,44.0,42.0,38.0,197.0,False,,False
"A1, B3, C4, D3, E3",73.0,38.0,45.0,43.0,38.0,199.0,False,,False
"A1, B3, C4, D4, E1",73.0,58.0,56.0,46.0,46.0,233.0,False,,True
"A1, B3, C4, D4, E2",73.0,42.0,45.0,42.0,42.0,202.0,False,,False
"A1, B3, C4, D4, E3",73.0,42.0,46.0,43.0,42.0,204.0,False,,False
"A1, B3, C5, D1, E1",73.0,72.0,47.0,32.0,32.0,224.0,False,,False
"A1, B3, C5, D1, E2",73.0,56.0,36.0,28.0,28.0,193.0,False,,False
"A1, B3, C5, D1, E3",73.0,56.0,37.0,29.0,29.0,195.0,False,,False
"A1, B3, C5, D2, E1",73.0,50.0,58.0,32.0,32.0,213.0,False,,False
"A1, B3, C5, D2, E2",73.0,34.0,47.0,28.0,28.0,182.0,False,,False
"A1, B3, C5, D2, E3",73.0,34.0,48.0,29.0,29.0,184.0,False,,False
"A1, B3, C5, D3, E1",73.0,48.0,48.0,32.0,32.0,201.0,False,,False
"A1, B3, C5, D3, E2",73.0,32.0,37.0,28.0,28.0,170.0,False,,False
"A1, B3, C5, D3, E3",73.0,32.0,38.0,29.0,29.0,172.0,False,,False
"A1, B3, C5, D4, E1",73.0,52.0,49.0,32.0,32.0,206.0,False,,False
"A1, B3, C5, D4, E2",73.0,36.0,38.0,28.0,28.0,175.0,False,,False
"A1, B3, C5, D4, E3",73.0,36.0,39.0,29.0,29.0,177.0,False,,False
"A1, B4, C1, D1, E1",81.0,56.0,40.0,27.0,27.0,204.0,False,,False
"A1, B4, C1, D1, E2",81.0,40.0,29.0,23.0,23.0,173.0,False,,False
"A1, B4, C1, D1, E3",81.0,40.0,30.0,24.0,24.0,175.0,False,,False
"A1, B4, C1, D2, E1",81.0,34.0,51.0,27.0,27.0,193.0,False,,False
"A1, B4, C1, D2, E2",81.0,18.0,40.0,23.0,18.0,162.0,False,,False
"A1, B4, C1, D2, E3",81.0,18.0,41.0,24.0,18.0,164.0,False,,False
"A1, B4, C1, D3, E1",81.0,32.0,41.0,27.0,27.0,181.0,False,,False
"A1, B4, C1, D3, E2",81.0,16.0,30.0,23.0,16.0,150.0,False,,False
"A1, B4, C1, D3, E3",81.0,16.0,31.0,24.0,16.0,152.0,False,,False
"A1, B4, C1, D4, E1",81.0,36.0,42.0,27.0,27.0,186.0,False,,False
"A1, B4, C1, D4, E2",81.0,20.0,31.0,23.0,20.0,155.0,False,,False
"A1, B4, C1, D4, E3",81.0,20.0,32.0,24.0,20.0,157.0,False,,False
"A1, B4, C2, D1, E1",73.0,61.0,39.0,32.0,32.0,205.0,False,,False
"A1, B4, C2, D1, E2",73.0,45.0,28.0,28.0,28.0,174.0,False,,False
"A1, B4, C2, D1, E3",73.0,45.0,29.0,29.0,29.0,176.0,False,,False
"A1, B4, C2, D2, E1",73.0,39.0,50.0,32.0,32.0,194.0,False,,False
"A1, B4, C2, D2, E2",73.0,23.0,39.0,28.0,23.0,163.0,False,,False
"A1, B4, C2, D2, E3",73.0,23.0,40.0,29.0,23.0,165.0,False,,False
"A1, B4, C2, D3, E1",73.0,37.0,40.0,32.0,32.0,182.0,False,,False
"A1, B4, C2, D3, E2",73.0,21.0,29.0,28.0,21.0,151.0,False,,False
"A1, B4, C2, D3, E3",73.0,21.0,30.0,29.0,21.0,153.0,False,,False
"A1, B4, C2, D4, E1",73.0,41.0,41.0,32.0,32.0,187.0,False,,False
"A1, B4, C2, D4, E2",73.0,25.0,30.0,28.0,25.0,156.0,False,,False
"A1, B4, C2, D4, E3",73.0,25.0,31.0,29.0,25.0,158.0,False,,False
"A1, B4, C3, D1, E1",69.0,58.0,39.0,28.0,28.0,194.0,False,,False
"A1, B4, C3, D1, E2",69.0,42.0,28.0,24.0,24.0,163.0,False,,False
"A1, B4, C3, D1, E3",69.0,42.0,29.0,25.0,25.0,165.0,False,,False
"A1, B4, C3, D2, E1",69.0,36.0,50.0,28.0,28.0,183.0,False,,False
"A1, B4, C3, D2, E2",69.0,20.0,39.0,24.0,20.0,152.0,False,,False
"A1, B4, C3, D2, E3",69.0,20.0,40.0,25.0,20.0,154.0,False,,False
"A1, B4, C3, D3, E1",69.0,34.0,40.0,28.0,28.0,171.0,False,,False
"A1, B4, C3, D3, E2",69.0,18.0,29.0,24.0,18.0,140.0,False,,False
"A1, B4, C3, D3, E3",69.0,18.0,30.0,25.0,18.0,142.0,False,,False
"A1, B4, C3, D4, E1",69.0,38.0,41.0,28.0,28.0,176.0,False,,False
"A1, B4, C3, D4, E2",69.0,22.0,30.0,24.0,22.0,145.0,False,,False
"A1, B4, C3, D4, E3",69.0,22.0,31.0,25.0,22.0,147.0,False,,False
"A1, B4, C4, D1, E1",75.0,64.0,45.0,42.0,42.0,226.0,False,,False
"A1, B4, C4, D1, E2",75.0,48.0,34.0,38.0,34.0,195.0,False,,False
"A1, B4, C4, D1, E3",75.0,48.0,35.0,39.0,35.0,197.0,False,,False
"A1, B4, C4, D2, E1",75.0,42.0,56.0,42.0,42.0,215.0,False,,False
"A1, B4, C4, D2, E2",75.0,26.0,45.0,38.0,26.0,184.0,False,,False
"A1, B4, C4, D2, E3",75.0,26.0,46.0,39.0,26.0,186.0,False,,False
"A1, B4, C4, D3, E1",75.0,40.0,46.0,42.0,40.0,203.0,False,,False
"A1, B4, C4, D3, E2",75.0,24.0,35.0,38.0,24.0,172.0,False,,False
"A1, B4, C4, D3, E3",75.0,24.0,36.0,39.0,24.0,174.0,False,,False
"A1, B4, C4, D4, E1",75.0,44.0,47.0,42.0,42.0,208.0,False,,False
"A1, B4, C4, D4, E2",75.0,28.0,36.0,38.0,28.0,177.0,False,,False
"A1, B4, C4, D4, E3",75.0,28.0,37.0,39.0,28.0,179.0,False,,False
"A1, B4, C5, D1, E1",75.0,58.0,38.0,28.0,28.0,199.0,False,,False
"A1, B4, C5, D1, E2",75.0,42.0,27.0,24.0,24.0,168.0,False,,False
"A1, B4, C5, D1, E3",75.0,42.0,28.0,25.0,25.0,170.0,False,,False
"A1, B4, C5, D2, E1",75.0,36.0,49.0,28.0,28.0,188.0,False,,False
"A1, B4, C5, D2, E2",75.0,20.0,38.0,24.0,20.0,157.0,False,,False
"A1, B4, C5, D2, E3",75.0,20.0,39.0,25.0,20.0,159.0,False,,False
"A1, B4, C5, D3, E1",75.0,34.0,39.0,28.0,28.0,176.0,False,,False
"A1, B4, C5, D3, E2",75.0,18.0,28.0,24.0,18.0,145.0,False,,False
"A1, B4, C5, D3, E3",75.0,18.0,29.0,25.0,18.0,147.0,False,,False
"A1, B4, C5, D4, E1",75.0,38.0,40.0,28.0,28.0,181.0,False,,False
"A1, B4, C5, D4, E2",75.0,22.0,29.0,24.0,22.0,150.0,False,,False
"A1, B4, C5, D4, E3",75.0,22.0,30.0,25.0,22.0,152.0,False,,False
"A1, B5, C1, D1, E1",100.0,57.0,37.0,73.0,37.0,267.0,False,,True
"A1, B5, C1, D1, E2",100.0,41.0,26.0,69.0,26.0,236.0,False,,False
"A1, B5, C1, D1, E3",100.0,41.0,27.0,70.0,27.0,238.0,False,,False
"A1, B5, C1, D2, E1",100.0,35.0,48.0,73.0,35.0,256.0,False,,True
"A1, B5, C1, D2, E2",100.0,19.0,37.0,69.0,19.0,225.0,False,,False
"A1, B5, C1, D2, E3",100.0,19.0,38.0,70.0,19.0,227.0,False,,False
"A1, B5, C1, D3, E1",100.0,33.0,38.0,73.0,33.0,244.0,False,,False
"A1, B5, C1, D3, E2",100.0,17.0,27.0,69.0,17.0,213.0,False,,False
"A1, B5, C1, D3, E3",100.0,17.0,28.0,70.0,17.0,215.0,False,,False
"A1, B5, C1, D4, E1",100.0,37.0,39.0,73.0,37.0,249.0,False,,True
"A1, B5, C1, D4, E2",100.0,21.0,28.0,69.0,21.0,218.0,False,,False
"A1, B5, C1, D4, E3",100.0,21.0,29.0,70.0,21.0,220.0,False,,False
"A1, B5, C2, D1, E1",92.0,62.0,36.0,78.0,36.0,268.0,False,,False
"A1, B5, C2, D1, E2",92.0,46.0,25.0,74.0,25.0,237.0,False,,False
"A1, B5, C2, D1, E3",92.0,46.0,26.0,75.0,26.0,239.0,False,,False
"A1, B5, C2, D2, E1",92.0,40.0,47.0,78.0,40.0,257.0,False,,False
"A1, B5, C2, D2, E2",92.0,24.0,36.0,74.0,24.0,226.0,False,,False
"A1, B5, C2, D2, E3",92.0,24.0,37.0,75.0,24.0,228.0,False,,False
"A1, B5, C2, D3, E1",92.0,38.0,37.0,78.0,37.0,245.0,False,,False
"A1, B5, C2, D3, E2",92.0,22.0,26.0,74.0,22.0,214.0,False,,False
"A1, B5, C2, D3, E3",92.0,22.0,27.0,75.0,22.0,216.0,False,,False
"A1, B5, C2, D4, E1",92.0,42.0,38.0,78.0,38.0,250.0,False,,False
"A1, B5, C2, D4, E2",92.0,26.0,27.0,74.0,26.0,219.0,False,,False
"A1, B5, C2, D4, E3",92.0,26.0,28.0,75.0,26.0,221.0,False,,False
"A1, B5, C3, D1, E1",88.0,59.0,36.0,74.0,36.0,257.0,False,,False
"A1, B5, C3, D1, E2",88.0,43.0,25.0,70.0,25.0,226.0,False,,False
"A1, B5, C3, D1, E3",88.0,43.0,26.0,71.0,26.0,228.0,False,,False
"A1, B5, C3, D2, E1",88.0,37.0,47.0,74.0,37.0,246.0,False,,False
"A1, B5, C3, D2, E2",88.0,21.0,36.0,70.0,21.0,215.0,False,,False
"A1, B5, C3, D2, E3",88.0,21.0,37.0,71.0,21.0,217.0,False,,False
"A1, B5, C3, D3, E1",88.0,35.0,37.0,74.0,35.0,234.0,False,,False
"A1, B5, C3, D3, E2",88.0,19.0,26.0,70.0,19.0,203.0,False,,False
"A1, B5, C3, D3, E3",88.0,19.0,27.0,71.0,19.0,205.0,False,,False
"A1, B5, C3, D4, E1",88.0,39.0,38.0,74.0,38.0,239.0,False,,False
"A1, B5, C3, D4, E2",88.0,23.0,27.0,70.0,23.0,208.0,False,,False
"A1, B5, C3, D4, E3",88.0,23.0,28.0,71.0,23.0,210.0,False,,False
"A1, B5, C4, D1, E1",94.0,65.0,42.0,88.0,42.0,289.0,False,,True
"A1, B5, C4, D1, E2",94.0,49.0,31.0,84.0,31.0,258.0,False,,False
"A1, B5, C4, D1, E3",94.0,49.0,32.0,85.0,32.0,260.0,False,,False
"A1, B5, C4, D2, E1",94.0,43.0,53.0,88.0,43.0,278.0,False,,True
"A1, B5, C4, D2, E2",94.0,27.0,42.0,84.0,27.0,247.0,False,,False
"A1, B5, C4, D2, E3",94.0,27.0,43.0,85.0,27.0,249.0,False,,False
"A1, B5, C4, D3, E1",94.0,41.0,43.0,88.0,41.0,266.0,False,,False
"A1, B5, C4, D3, E2",94.0,25.0,32.0,84.0,25.0,235.0,False,,False
"A1, B5, C4, D3, E3",94.0,25.0,33.0,85.0,25.0,237.0,False,,False
"A1, B5, C4, D4, E1",94.0,45.0,44.0,88.0,44.0,271.0,False,,True
"A1, B5, C4, D4, E2",94.0,29.0,33.0,84.0,29.0,240.0,False,,False
"A1, B5, C4, D4, E3",94.0,29.0,34.0,85.0,29.0,242.0,False,,False
"A1, B5, C5, D1, E1",94.0,59.0,35.0,74.0,35.0,262.0,False,,False
"A1, B5, C5, D1, E2",94.0,43.0,24.0,70.0,24.0,231.0,False,,False
"A1, B5, C5, D1, E3",94.0,43.0,25.0,71.0,25.0,233.0,False,,False
"A1, B5, C5, D2, E1",94.0,37.0,46.0,74.0,37.0,251.0,False,,False
"A1, B5, C5, D2, E2",94.0,21.0,35.0,70.0,21.0,220.0,False,,False
"A1, B5, C5, D2, E3",94.0,21.0,36.0,71.0,21.0,222.0,False,,False
"A1, B5, C5, D3, E1",94.0,35.0,36.0,74.0,35.0,239.0,False,,False
"A1, B5, C5, D3, E2",94.0,19.0,25.0,70.0,19.0,208.0,False,,False
"A1, B5, C5, D3, E3",94.0,19.0,26.0,71.0,19.0,210.0,False,,False
"A1, B5, C5, D4, E1",94.0,39.0,37.0,74.0,37.0,244.0,False,,False
"A1, B5, C5, D4, E2",94.0,23.0,26.0,70.0,23.0,213.0,False,,False
"A1, B5, C5, D4, E3",94.0,23.0,27.0,71.0,23.0,215.0,False,,False
"A2, B1, C1, D1, E1",35.0,78.0,43.0,37.0,35.0,193.0,False,,False
"A2, B1, C1, D1, E2",35.0,62.0,32.0,33.0,32.0,162.0,False,,False
"A2, B1, C1, D1, E3",35.0,62.0,33.0,34.0,33.0,164.0,False,,False
"A2, B1, C1, D2, E1",35.0,56.0,54.0,37.0,35.0,182.0,False,,False
"A2, B1, C1, D2, E2",35.0,40.0,43.0,33.0,33.0,151.0,False,,False
"A2, B1, C1, D2, E3",35.0,40.0,44.0,34.0,34.0,153.0,False,,False
"A2, B1, C1, D3, E1",35.0,54.0,44.0,37.0,35.0,170.0,False,,False
"A2, B1, C1, D3, E2",35.0,38.0,33.0,33.0,33.0,139.0,False,,False
"A2, B1, C1, D3, E3",35.0,38.0,34.0,34.0,34.0,141.0,False,,False
"A2, B1, C1, D4, E1",35.0,58.0,45.0,37.0,35.0,175.0,False,,False
"A2, B1, C1, D4, E2",35.0,42.0,34.0,33.0,33.0,144.0,False,,False
"A2, B1, C1, D4, E3",35.0,42.0,35.0,34.0,34.0,146.0,False,,False
"A2, B1, C2, D1, E1",27.0,83.0,42.0,42.0,27.0,194.0,False,,False
"A2, B1, C2, D1, E2",27.0,67.0,31.0,38.0,27.0,163.0,False,,False
"A2, B1, C2, D1, E3",27.0,67.0,32.0,39.0,27.0,165.0,False,,False
"A2, B1, C2, D2, E1",27.0,61.0,53.0,42.0,27.0,183.0,False,,False
"A2, B1, C2, D2, E2",27.0,45.0,42.0,38.0,27.0,152.0,False,,False
"A2, B1, C2, D2, E3",27.0,45.0,43.0,39.0,27.0,154.0,False,,False
"A2, B1, C2, D3, E1",27.0,59.0,43.0,42.0,27.0,171.0,False,,False
"A2, B1, C2, D3, E2",27.0,43.0,32.0,38.0,27.0,140.0,False,,False
"A2, B1, C2, D3, E3",27.0,43.0,33.0,39.0,27.0,142.0,False,,False
"A2, B1, C2, D4, E1",27.0,63.0,44.0,42.0,27.0,176.0,False,,False
"A2, B1, C2, D4, E2",27.0,47.0,33.0,38.0,27.0,145.0,False,,False
"A2, B1, C2, D4, E3",27.0,47.0,34.0,39.0,27.0,147.0,False,,False
"A2, B1, C3, D1, E1",23.0,80.0,42.0,38.0,23.0,183.0,False,,False
"A2, B1, C3, D1, E2",23.0,64.0,31.0,34.0,23.0,152.0,False,,False
"A2, B1, C3, D1, E3",23.0,64.0,32.0,35.0,23.0,154.0,False,,False
"A2, B1, C3, D2, E1",23.0,58.0,53.0,38.0,23.0,172.0,False,,False
"A2, B1, C3, D2, E2",23.0,42.0,42.0,34.0,23.0,141.0,False,,False
"A2, B1, C3, D2, E3",23.0,42.0,43.0,35.0,23.0,143.0,False,,False
"A2, B1, C3, D3, E1",23.0,56.0,43.0,38.0,23.0,160.0,False,,False
"A2, B1, C3, D3, E2",23.0,40.0,32.0,34.0,23.0,129.0,False,,False
"A2, B1, C3, D3, E3",23.0,40.0,33.0,35.0,23.0,131.0,False,,False
"A2, B1, C3, D4, E1",23.0,60.0,44.0,38.0,23.0,165.0,False,,False
"A2, B1, C3, D4, E2",23.0,44.0,33.0,34.0,23.0,134.0,False,,False
"A2, B1, C3, D4, E3",23.0,44.0,34.0,35.0,23.0,136.0,False,,False
"A2, B1, C4, D1, E1",29.0,86.0,48.0,52.0,29.0,215.0,False,,True
"A2, B1, C4, D1, E2",29.0,70.0,37.0,48.0,29.0,184.0,False,,False
"A2, B1, C4, D1, E3",29.0,70.0,38.0,49.0,29.0,186.0,False,,False
"A2, B1, C4, D2, E1",29.0,64.0,59.0,52.0,29.0,204.0,False,,False
"A2, B1, C4, D2, E2",29.0,48.0,48.0,48.0,29.0,173.0,False,,False
"A2, B1, C4, D2, E3",29.0,48.0,49.0,49.0,29.0,175.0,False,,False
"A2, B1, C4, D3, E1",29.0,62.0,49.0,52.0,29.0,192.0,False,,False
"A2, B1, C4, D3, E2",29.0,46.0,38.0,48.0,29.0,161.0,False,,False
"A2, B1, C4, D3, E3",29.0,46.0,39.0,49.0,29.0,163.0,False,,False
"A2, B1, C4, D4, E1",29.0,66.0,50.0,52.0,29.0,197.0,False,,False
"A2, B1, C4, D4, E2",29.0,50.0,39.0,48.0,29.0,166.0,False,,False
"A2, B1, C4, D4, E3",29.0,50.0,40.0,49.0,29.0,168.0,False,,False
"A2, B1, C5, D1, E1",29.0,80.0,41.0,38.0,29.0,188.0,False,,False
"A2, B1, C5, D1, E2",29.0,64.0,30.0,34.0,29.0,157.0,False,,False
"A2, B1, C5, D1, E3",29.0,64.0,31.0,35.0,29.0,159.0,False,,False
"A2, B1, C5, D2, E1",29.0,58.0,52.0,38.0,29.0,177.0,False,,False
"A2, B1, C5, D2, E2",29.0,42.0,41.0,34.0,29.0,146.0,False,,False
"A2, B1, C5, D2, E3",29.0,42.0,42.0,35.0,29.0,148.0,False,,False
"A2, B1, C5, D3, E1",29.0,56.0,42.0,38.0,29.0,165.0,False,,False
"A2, B1, C5, D3, E2",29.0,40.0,31.0,34.0,29.0,134.0,False,,False
"A2, B1, C5, D3, E3",29.0,40.0,32.0,35.0,29.0,136.0,False,,False
"A2, B1, C5, D4, E1",29.0,60.0,43.0,38.0,29.0,170.0,False,,False
"A2, B1, C5, D4, E2",29.0,44.0,32.0,34.0,29.0,139.0,False,,False
"A2, B1, C5, D4, E3",29.0,44.0,33.0,35.0,29.0,141.0,False,,False
"A2, B2, C1, D1, E1",37.0,83.0,38.0,32.0,32.0,190.0,False,,False
"A2, B2, C1, D1, E2",37.0,67.0,27.0,28.0,27.0,159.0,False,,False
"A2, B2, C1, D1, E3",37.0,67.0,28.0,29.0,28.0,161.0,False,,False
"A2, B2, C1, D2, E1",37.0,61.0,49.0,32.0,32.0,179.0,False,,False
"A2, B2, C1, D2, E2",37.0,45.0,38.0,28.0,28.0,148.0,False,,False
"A2, B2, C1, D2, E3",37.0,45.0,39.0,29.0,29.0,150.0,False,,False
"A2, B2, C1, D3, E1",37.0,59.0,39.0,32.0,32.0,167.0,False,,False
"A2, B2, C1, D3, E2",37.0,43.0,28.0,28.0,28.0,136.0,False,,False
"A2, B2, C1, D3, E3",37.0,43.0,29.0,29.0,29.0,138.0,False,,False
"A2, B2, C1, D4, E1",37.0,63.0,40.0,32.0,32.0,172.0,False,,False
"A2, B2, C1, D4, E2",37.0,47.0,29.0,28.0,28.0,141.0,False,,False
"A2, B2, C1, D4, E3",37.0,47.0,30.0,29.0,29.0,143.0,False,,False
"A2, B2, C2, D1, E1",29.0,88.0,37.0,37.0,29.0,191.0,False,,False
"A2, B2, C2, D1, E2",29.0,72.0,26.0,33.0,26.0,160.0,False,,False
"A2, B2, C2, D1, E3",29.0,72.0,27.0,34.0,27.0,162.0,False,,False
"A2, B2, C2, D2, E1",29.0,66.0,48.0,37.0,29.0,180.0,False,,False
"A2, B2, C2, D2, E2",29.0,50.0,37.0,33.0,29.0,149.0,False,,False
"A2, B2, C2, D2, E3",29.0,50.0,38.0,34.0,29.0,151.0,False,,False
"A2, B2, C2, D3, E1",29.0,64.0,38.0,37.0,29.0,168.0,False,,False
"A2, B2, C2, D3, E2",29.0,48.0,27.0,33.0,27.0,137.0,False,,False
"A2, B2, C2, D3, E3",29.0,48.0,28.0,34.0,28.0,139.0,False,,False
"A2, B2, C2, D4, E1",29.0,68.0,39.0,37.0,29.0,173.0,False,,False
"A2, B2, C2, D4, E2",29.0,52.0,28.0,33.0,28.0,142.0,False,,False
"A2, B2, C2, D4, E3",29.0,52.0,29.0,34.0,29.0,144.0,False,,False
"A2, B2, C3, D1, E1",25.0,85.0,37.0,33.0,25.0,180.0,False,,False
"A2, B2, C3, D1, E2",25.0,69.0,26.0,29.0,25.0,149.0,False,,False
"A2, B2, C3, D1, E3",25.0,69.0,27.0,30.0,25.0,151.0,False,,False
"A2, B2, C3, D2, E1",25.0,63.0,48.0,33.0,25.0,169.0,False,,False
"A2, B2, C3, D2, E2",25.0,47.0,37.0,29.0,25.0,138.0,False,,False
"A2, B2, C3, D2, E3",25.0,47.0,38.0,30.0,25.0,140.0,False,,False
"A2, B2, C3, D3, E1",25.0,61.0,38.0,33.0,25.0,157.0,False,,False
"A2, B2, C3, D3, E2",25.0,45.0,27.0,29.0,25.0,126.0,False,,False
"A2, B2, C3, D3, E3",25.0,45.0,28.0,30.0,25.0,128.0,False,,False
"A2, B2, C3, D4, E1",25.0,65.0,39.0,33.0,25.0,162.0,False,,False
"A2, B2, C3, D4, E2",25.0,49.0,28.0,29.0,25.0,131.0,False,,False
"A2, B2, C3, D4, E3",25.0,49.0,29.0,30.0,25.0,133.0,False,,False
"A2, B2, C4, D1, E1",31.0,91.0,43.0,47.0,31.0,212.0,False,,True
"A2, B2, C4, D1, E2",31.0,75.0,32.0,43.0,31.0,181.0,False,,False
"A2, B2, C4, D1, E3",31.0,75.0,33.0,44.0,31.0,183.0,False,,False
"A2, B2, C4, D2, E1",31.0,69.0,54.0,47.0,31.0,201.0,False,,False
"A2, B2, C4, D2, E2",31.0,53.0,43.0,43.0,31.0,170.0,False,,False
"A2, B2, C4, D2, E3",31.0,53.0,44.0,44.0,31.0,172.0,False,,False
"A2, B2, C4, D3, E1",31.0,67.0,44.0,47.0,31.0,189.0,False,,False
"A2, B2, C4, D3, E2",31.0,51.0,33.0,43.0,31.0,158.0,False,,False
"A2, B2, C4, D3, E3",31.0,51.0,34.0,44.0,31.0,160.0,False,,False
"A2, B2, C4, D4, E1",31.0,71.0,45.0,47.0,31.0,194.0,False,,False
"A2, B2, C4, D4, E2",31.0,55.0,34.0,43.0,31.0,163.0,False,,False
"A2, B2, C4, D4, E3",31.0,55.0,35.0,44.0,31.0,165.0,False,,False
"A2, B2, C5, D1, E1",31.0,85.0,36.0,33.0,31.0,185.0,False,,False
"A2, B2, C5, D1, E2",31.0,69.0,25.0,29.0,25.0,154.0,False,,False
"A2, B2, C5, D1, E3",31.0,69.0,26.0,30.0,26.0,156.0,False,,False
"A2, B2, C5, D2, E1",31.0,63.0,47.0,33.0,31.0,174.0,False,,False
"A2, B2, C5, D2, E2",31.0,47.0,36.0,29.0,29.0,143.0,False,,False
"A2, B2, C5, D2, E3",31.0,47.0,37.0,30.0,30.0,145.0,False,,False
"A2, B2, C5, D3, E1",31.0,61.0,37.0,33.0,31.0,162.0,False,,False
"A2, B2, C5, D3, E2",31.0,45.0,26.0,29.0,26.0,131.0,False,,False
"A2, B2, C5, D3, E3",31.0,45.0,27.0,30.0,27.0,133.0,False,,False
"A2, B2, C5, D4, E1",31.0,65.0,38.0,33.0,31.0,167.0,False,,False
"A2, B2, C5, D4, E2",31.0,49.0,27.0,29.0,27.0,136.0,False,,False
"A2, B2, C5, D4, E3",31.0,49.0,28.0,30.0,28.0,138.0,False,,False
"A2, B3, C1, D1, E1",32.0,92.0,50.0,33.0,32.0,207.0,False,,True
"A2, B3, C1, D1, E2",32.0,76.0,39.0,29.0,29.0,176.0,False,,False
"A2, B3, C1, D1, E3",32.0,76.0,40.0,30.0,30.0,178.0,False,,False
"A2, B3, C1, D2, E1",32.0,70.0,61.0,33.0,32.0,196.0,False,,False
"A2, B3, C1, D2, E2",32.0,54.0,50.0,29.0,29.0,165.0,False,,False
"A2, B3, C1, D2, E3",32.0,54.0,51.0,30.0,30.0,167.0,False,,False
"A2, B3, C1, D3, E1",32.0,68.0,51.0,33.0,32.0,184.0,False,,False
"A2, B3, C1, D3, E2",32.0,52.0,40.0,29.0,29.0,153.0,False,,False
"A2, B3, C1, D3, E3",32.0,52.0,41.0,30.0,30.0,155.0,False,,False
"A2, B3, C1, D4, E1",32.0,72.0,52.0,33.0,32.0,189.0,False,,False
"A2, B3, C1, D4, E2",32.0,56.0,41.0,29.0,29.0,158.0,False,,False
"A2, B3, C1, D4, E3",32.0,56.0,42.0,30.0,30.0,160.0,False,,False
"A2, B3, C2, D1, E1",24.0,97.0,49.0,38.0,24.0,208.0,False,,False
"A2, B3, C2, D1, E2",24.0,81.0,38.0,34.0,24.0,177.0,False,,False
"A2, B3, C2, D1, E3",24.0,81.0,39.0,35.0,24.0,179.0,False,,False
"A2, B3, C2, D2, E1",24.0,75.0,60.0,38.0,24.0,197.0,False,,False
"A2, B3, C2, D2, E2",24.0,59.0,49.0,34.0,24.0,166.0,False,,False
"A2, B3, C2, D2, E3",24.0,59.0,50.0,35.0,24.0,168.0,False,,False
"A2, B3, C2, D3, E1",24.0,73.0,50.0,38.0,24.0,185.0,False,,False
"A2, B3, C2, D3, E2",24.0,57.0,39.0,34.0,24.0,154.0,False,,False
"A2, B3, C2, D3, E3",24.0,57.0,40.0,35.0,24.0,156.0,False,,False
"A2, B3, C2, D4, E1",24.0,77.0,51.0,38.0,24.0,190.0,False,,False
"A2, B3, C2, D4, E2",24.0,61.0,40.0,34.0,24.0,159.0,False,,False
"A2, B3, C2, D4, E3",24.0,61.0,41.0,35.0,24.0,161.0,False,,False
"A2, B3, C3, D1, E1",20.0,94.0,49.0,34.0,20.0,197.0,False,,False
"A2, B3, C3, D1, E2",20.0,78.0,38.0,30.0,20.0,166.0,False,,False
"A2, B3, C3, D1, E3",20.0,78.0,39.0,31.0,20.0,168.0,False,,False
"A2, B3, C3, D2, E1",20.0,72.0,60.0,34.0,20.0,186.0,False,,False
"A2, B3, C3, D2, E2",20.0,56.0,49.0,30.0,20.0,155.0,False,,False
"A2, B3, C3, D2, E3",20.0,56.0,50.0,31.0,20.0,157.0,False,,False
"A2, B3, C3, D3, E1",20.0,70.0,50.0,34.0,20.0,174.0,False,,False
"A2, B3, C3, D3, E2",20.0,54.0,39.0,30.0,20.0,143.0,False,,False
"A2, B3, C3, D3, E3",20.0,54.0,40.0,31.0,20.0,145.0,False,,False
"A2, B3, C3, D4, E1",20.0,74.0,51.0,34.0,20.0,179.0,False,,False
"A2, B3, C3, D4, E2",20.0,58.0,40.0,30.0,20.0,148.0,False,,False
"A2, B3, C3, D4, E3",20.0,58.0,41.0,31.0,20.0,150.0,False,,False
"A2, B3, C4, D1, E1",26.0,100.0,55.0,48.0,26.0,229.0,False,,True
"A2, B3, C4, D1, E2",26.0,84.0,44.0,44.0,26.0,198.0,False,,False
"A2, B3, C4, D1, E3",26.0,84.0,45.0,45.0,26.0,200.0,False,,False
"A2, B3, C4, D2, E1",26.0,78.0,66.0,48.0,26.0,218.0,False,,False
"A2, B3, C4, D2, E2",26.0,62.0,55.0,44.0,26.0,187.0,False,,False
"A2, B3, C4, D2, E3",26.0,62.0,56.0,45.0,26.0,189.0,False,,False
"A2, B3, C4, D3, E1",26.0,76.0,56.0,48.0,26.0,206.0,False,,False
"A2, B3, C4, D3, E2",26.0,60.0,45.0,44.0,26.0,175.0,False,,False
"A2, B3, C4, D3, E3",26.0,60.0,46.0,45.0,26.0,177.0,False,,False
"A2, B3, C4, D4, E1",26.0,80.0,57.0,48.0,26.0,211.0,False,,False
"A2, B3, C4, D4, E2",26.0,64.0,46.0,44.0,26.0,180.0,False,,False
"A2, B3, C4, D4, E3",26.0,64.0,47.0,45.0,26.0,182.0,False,,False
"A2, B3, C5, D1, E1",26.0,94.0,48.0,34.0,26.0,202.0,False,,False
"A2, B3, C5, D1, E2",26.0,78.0,37.0,30.0,26.0,171.0,False,,False
"A2, B3, C5, D1, E3",26.0,78.0,38.0,31.0,26.0,173.0,False,,False
"A2, B3, C5, D2, E1",26.0,72.0,59.0,34.0,26.0,191.0,False,,False
"A2, B3, C5, D2, E2",26.0,56.0,48.0,30.0,26.0,160.0,False,,False
"A2, B3, C5, D2, E3",26.0,56.0,49.0,31.0,26.0,162.0,False,,False
"A2, B3, C5, D3, E1",26.0,70.0,49.0,34.0,26.0,179.0,False,,False
"A2, B3, C5, D3, E2",26.0,54.0,38.0,30.0,26.0,148.0,False,,False
"A2, B3, C5, D3, E3",26.0,54.0,39.0,31.0,26.0,150.0,False,,False
"A2, B3, C5, D4, E1",26.0,74.0,50.0,34.0,26.0,184.0,False,,False
"A2, B3, C5, D4, E2",26.0,58.0,39.0,30.0,26.0,153.0,False,,False
"A2, B3, C5, D4, E3",26.0,58.0,40.0,31.0,26.0,155.0,False,,False
"A2, B4, C1, D1, E1",34.0,78.0,41.0,29.0,29.0,182.0,False,,False
"A2, B4, C1, D1, E2",34.0,62.0,30.0,25.0,25.0,151.0,False,,False
"A2, B4, C1, D1, E3",34.0,62.0,31.0,26.0,26.0,153.0,False,,False
"A2, B4, C1, D2, E1",34.0,56.0,52.0,29.0,29.0,171.0,False,,False
"A2, B4, C1, D2, E2",34.0,40.0,41.0,25.0,25.0,140.0,False,,False
"A2, B4, C1, D2, E3",34.0,40.0,42.0,26.0,26.0,142.0,False,,False
"A2, B4, C1, D3, E1",34.0,54.0,42.0,29.0,29.0,159.0,False,,False
"A2, B4, C1, D3, E2",34.0,38.0,31.0,25.0,25.0,128.0,False,,False
"A2, B4, C1, D3, E3",34.0,38.0,32.0,26.0,26.0,130.0,False,,False
"A2, B4, C1, D4, E1",34.0,58.0,43.0,29.0,29.0,164.0,False,,False
"A2, B4, C1, D4, E2",34.0,42.0,32.0,25.0,25.0,133.0,False,,False
"A2, B4, C1, D4, E3",34.0,42.0,33.0,26.0,26.0,135.0,False,,False
"A2, B4, C2, D1, E1",26.0,83.0,40.0,34.0,26.0,183.0,False,,False
"A2, B4, C2, D1, E2",26.0,67.0,29.0,30.0,26.0,152.0,False,,False
"A2, B4, C2, D1, E3",26.0,67.0,30.0,31.0,26.0,154.0,False,,False
"A2, B4, C2, D2, E1",26.0,61.0,51.0,34.0,26.0,172.0,False,,False
"A2, B4, C2, D2, E2",26.0,45.0,40.0,30.0,26.0,141.0,False,,False
"A2, B4, C2, D2, E3",26.0,45.0,41.0,31.0,26.0,143.0,False,,False
"A2, B4, C2, D3, E1",26.0,59.0,41.0,34.0,26.0,160.0,False,,False
"A2, B4, C2, D3, E2",26.0,43.0,30.0,30.0,26.0,129.0,False,,False
"A2, B4, C2, D3, E3",26.0,43.0,31.0,31.0,26.0,131.0,False,,False
"A2, B4, C2, D4, E1",26.0,63.0,42.0,34.0,26.0,165.0,False,,False
"A2, B4, C2, D4, E2",26.0,47.0,31.0,30.0,26.0,134.0,False,,False
"A2, B4, C2, D4, E3",26.0,47.0,32.0,31.0,26.0,136.0,False,,False
"A2, B4, C3, D1, E1",22.0,80.0,40.0,30.0,22.0,172.0,False,,False
"A2, B4, C3, D1, E2",22.0,64.0,29.0,26.0,22.0,141.0,False,,False
"A2, B4, C3, D1, E3",22.0,64.0,30.0,27.0,22.0,143.0,False,,False
"A2, B4, C3, D2, E1",22.0,58.0,51.0,30.0,22.0,161.0,False,,False
"A2, B4, C3, D2, E2",22.0,42.0,40.0,26.0,22.0,130.0,False,,False
"A2, B4, C3, D2, E3",22.0,42.0,41.0,27.0,22.0,132.0,False,,False
"A2, B4, C3, D3, E1",22.0,56.0,41.0,30.0,22.0,149.0,False,,False
"A2, B4, C3, D3, E2",22.0,40.0,30.0,26.0,22.0,118.0,False,,False
"A2, B4, C3, D3, E3",22.0,40.0,31.0,27.0,22.0,120.0,False,,False
"A2, B4, C3, D4, E1",22.0,60.0,42.0,30.0,22.0,154.0,False,,False
"A2, B4, C3, D4, E2",22.0,44.0,31.0,26.0,22.0,123.0,False,,False
"A2, B4, C3, D4, E3",22.0,44.0,32.0,27.0,22.0,125.0,False,,False
"A2, B4, C4, D1, E1",28.0,86.0,46.0,44.0,28.0,204.0,False,,False
"A2, B4, C4, D1, E2",28.0,70.0,35.0,40.0,28.0,173.0,False,,False
"A2, B4, C4, D1, E3",28.0,70.0,36.0,41.0,28.0,175.0,False,,False
"A2, B4, C4, D2, E1",28.0,64.0,57.0,44.0,28.0,193.0,False,,False
"A2, B4, C4, D2, E2",28.0,48.0,46.0,40.0,28.0,162.0,False,,False
"A2, B4, C4, D2, E3",28.0,48.0,47.0,41.0,28.0,164.0,False,,False
"A2, B4, C4, D3, E1",28.0,62.0,47.0,44.0,28.0,181.0,False,,False
"A2, B4, C4, D3, E2",28.0,46.0,36.0,40.0,28.0,150.0,False,,False
"A2, B4, C4, D3, E3",28.0,46.0,37.0,41.0,28.0,152.0,False,,False
"A2, B4, C4, D4, E1",28.0,66.0,48.0,44.0,28.0,186.0,False,,False
"A2, B4, C4, D4, E2",28.0,50.0,37.0,40.0,28.0,155.0,False,,False
"A2, B4, C4, D4, E3",28.0,50.0,38.0,41.0,28.0,157.0,False,,False
"A2, B4, C5, D1, E1",28.0,80.0,39.0,30.0,28.0,177.0,False,,False
"A2, B4, C5, D1, E2",28.0,64.0,28.0,26.0,26.0,146.0,False,,False
"A2, B4, C5, D1, E3",28.0,64.0,29.0,27.0,27.0,148.0,False,,False
"A2, B4, C5, D2, E1",28.0,58.0,50.0,30.0,28.0,166.0,False,,False
"A2, B4, C5, D2, E2",28.0,42.0,39.0,26.0,26.0,135.0,False,,False
"A2, B4, C5, D2, E3",28.0,42.0,40.0,27.0,27.0,137.0,False,,False
"A2, B4, C5, D3, E1",28.0,56.0,40.0,30.0,28.0,154.0,False,,False
"A2, B4, C5, D3, E2",28.0,40.0,29.0,26.0,26.0,123.0,False,,False
"A2, B4, C5, D3, E3",28.0,40.0,30.0,27.0,27.0,125.0,False,,False
"A2, B4, C5, D4, E1",28.0,60.0,41.0,30.0,28.0,159.0,False,,False
"A2, B4, C5, D4, E2",28.0,44.0,30.0,26.0,26.0,128.0,False,,False
"A2, B4, C5, D4, E3",28.0,44.0,31.0,27.0,27.0,130.0,False,,False
"A2, B5, C1, D1, E1",53.0,79.0,38.0,75.0,38.0,245.0,False,,True
"A2, B5, C1, D1, E2",53.0,63.0,27.0,71.0,27.0,214.0,False,,False
"A2, B5, C1, D1, E3",53.0,63.0,28.0,72.0,28.0,216.0,False,,False
"A2, B5, C1, D2, E1",53.0,57.0,49.0,75.0,49.0,234.0,False,,False
"A2, B5, C1, D2, E2",53.0,41.0,38.0,71.0,38.0,203.0,False,,False
"A2, B5, C1, D2, E3",53.0,41.0,39.0,72.0,39.0,205.0,False,,False
"A2, B5, C1, D3, E1",53.0,55.0,39.0,75.0,39.0,222.0,False,,False
"A2, B5, C1, D3, E2",53.0,39.0,28.0,71.0,28.0,191.0,False,,False
"A2, B5, C1, D3, E3",53.0,39.0,29.0,72.0,29.0,193.0,False,,False
"A2, B5, C1, D4, E1",53.0,59.0,40.0,75.0,40.0,227.0,False,,False
"A2, B5, C1, D4, E2",53.0,43.0,29.0,71.0,29.0,196.0,False,,False
"A2, B5, C1, D4, E3",53.0,43.0,30.0,72.0,30.0,198.0,False,,False
"A2, B5, C2, D1, E1",45.0,84.0,37.0,80.0,37.0,246.0,False,,False
"A2, B5, C2, D1, E2",45.0,68.0,26.0,76.0,26.0,215.0,False,,False
"A2, B5, C2, D1, E3",45.0,68.0,27.0,77.0,27.0,217.0,False,,False
"A2, B5, C2, D2, E1",45.0,62.0,48.0,80.0,45.0,235.0,False,,False
"A2, B5, C2, D2, E2",45.0,46.0,37.0,76.0,37.0,204.0,False,,False
"A2, B5, C2, D2, E3",45.0,46.0,38.0,77.0,38.0,206.0,False,,False
"A2, B5, C2, D3, E1",45.0,60.0,38.0,80.0,38.0,223.0,False,,False
"A2, B5, C2, D3, E2",45.0,44.0,27.0,76.0,27.0,192.0,False,,False
"A2, B5, C2, D3, E3",45.0,44.0,28.0,77.0,28.0,194.0,False,,False
"A2, B5, C2, D4, E1",45.0,64.0,39.0,80.0,39.0,228.0,False,,False
"A2, B5, C2, D4, E2",45.0,48.0,28.0,76.0,28.0,197.0,False,,False
"A2, B5, C2, D4, E3",45.0,48.0,29.0,77.0,29.0,199.0,False,,False
"A2, B5, C3, D1, E1",41.0,81.0,37.0,76.0,37.0,235.0,False,,False
"A2, B5, C3, D1, E2",41.0,65.0,26.0,72.0,26.0,204.0,False,,False
"A2, B5, C3, D1, E3",41.0,65.0,27.0,73.0,27.0,206.0,False,,False
"A2, B5, C3, D2, E1",41.0,59.0,48.0,76.0,41.0,224.0,False,,False
"A2, B5, C3, D2, E2",41.0,43.0,37.0,72.0,37.0,193.0,False,,False
"A2, B5, C3, D2, E3",41.0,43.0,38.0,73.0,38.0,195.0,False,,False
"A2, B5, C3, D3, E1",41.0,57.0,38.0,76.0,38.0,212.0,False,,False
"A2, B5, C3, D3, E2",41.0,41.0,27.0,72.0,27.0,181.0,False,,False
"A2, B5, C3, D3, E3",41.0,41.0,28.0,73.0,28.0,183.0,False,,False
"A2, B5, C3, D4, E1",41.0,61.0,39.0,76.0,39.0,217.0,False,,False
"A2, B5, C3, D4, E2",41.0,45.0,28.0,72.0,28.0,186.0,False,,False
"A2, B5, C3, D4, E3",41.0,45.0,29.0,73.0,29.0,188.0,False,,False
"A2, B5, C4, D1, E1",47.0,87.0,43.0,90.0,43.0,267.0,False,,True
"A2, B5, C4, D1, E2",47.0,71.0,32.0,86.0,32.0,236.0,False,,False
"A2, B5, C4, D1, E3",47.0,71.0,33.0,87.0,33.0,238.0,False,,False
"A2, B5, C4, D2, E1",47.0,65.0,54.0,90.0,47.0,256.0,False,,False
"A2, B5, C4, D2, E2",47.0,49.0,43.0,86.0,43.0,225.0,False,,False
"A2, B5, C4, D2, E3",47.0,49.0,44.0,87.0,44.0,227.0,False,,False
"A2, B5, C4, D3, E1",47.0,63.0,44.0,90.0,44.0,244.0,False,,False
"A2, B5, C4, D3, E2",47.0,47.0,33.0,86.0,33.0,213.0,False,,False
"A2, B5, C4, D3, E3",47.0,47.0,34.0,87.0,34.0,215.0,False,,False
"A2, B5, C4, D4, E1",47.0,67.0,45.0,90.0,45.0,249.0,False,,False
"A2, B5, C4, D4, E2",47.0,51.0,34.0,86.0,34.0,218.0,False,,False
"A2, B5, C4, D4, E3",47.0,51.0,35.0,87.0,35.0,220.0,False,,False
"A2, B5, C5, D1, E1",47.0,81.0,36.0,76.0,36.0,240.0,False,,False
"A2, B5, C5, D1, E2",47.0,65.0,25.0,72.0,25.0,209.0,False,,False
"A2, B5, C5, D1, E3",47.0,65.0,26.0,73.0,26.0,211.0,False,,False
"A2, B5, C5, D2, E1",47.0,59.0,47.0,76.0,47.0,229.0,False,,False
"A2, B5, C5, D2, E2",47.0,43.0,36.0,72.0,36.0,198.0,False,,False
"A2, B5, C5, D2, E3",47.0,43.0,37.0,73.0,37.0,200.0,False,,False
"A2, B5, C5, D3, E1",47.0,57.0,37.0,76.0,37.0,217.0,False,,False
"A2, B5, C5, D3, E2",47.0,41.0,26.0,72.0,26.0,186.0,False,,False
"A2, B5, C5, D3, E3",47.0,41.0,27.0,73.0,27.0,188.0,False,,False
"A2, B5, C5, D4, E1",47.0,61.0,38.0,76.0,38.0,222.0,False,,False
"A2, B5, C5, D4, E2",47.0,45.0,27.0,72.0,27.0,191.0,False,,False
"A2, B5, C5, D4, E3",47.0,45.0,28.0,73.0,28.0,193.0,False,,False
"A3, B1, C1, D1, E1",40.0,59.0,77.0,47.0,40.0,223.0,False,,False
"A3, B1, C1, D1, E2",40.0,43.0,66.0,43.0,40.0,192.0,False,,False
"A3, B1, C1, D1, E3",40.0,43.0,67.0,44.0,40.0,194.0,False,,False
"A3, B1, C1, D2, E1",40.0,37.0,88.0,47.0,37.0,212.0,False,,False
"A3, B1, C1, D2, E2",40.0,21.0,77.0,43.0,21.0,181.0,False,,False
"A3, B1, C1, D2, E3",40.0,21.0,78.0,44.0,21.0,183.0,False,,False
"A3, B1, C1, D3, E1",40.0,35.0,78.0,47.0,35.0,200.0,False,,False
"A3, B1, C1, D3, E2",40.0,19.0,67.0,43.0,19.0,169.0,False,,False
"A3, B1, C1, D3, E3",40.0,19.0,68.0,44.0,19.0,171.0,False,,False
"A3, B1, C1, D4, E1",40.0,39.0,79.0,47.0,39.0,205.0,False,,False
"A3, B1, C1, D4, E2",40.0,23.0,68.0,43.0,23.0,174.0,False,,False
"A3, B1, C1, D4, E3",40.0,23.0,69.0,44.0,23.0,176.0,False,,False
"A3, B1, C2, D1, E1",32.0,64.0,76.0,52.0,32.0,224.0,False,,False
"A3, B1, C2, D1, E2",32.0,48.0,65.0,48.0,32.0,193.0,False,,False
"A3, B1, C2, D1, E3",32.0,48.0,66.0,49.0,32.0,195.0,False,,False
"A3, B1, C2, D2, E1",32.0,42.0,87.0,52.0,32.0,213.0,False,,False
"A3, B1, C2, D2, E2",32.0,26.0,76.0,48.0,26.0,182.0,False,,False
"A3, B1, C2, D2, E3",32.0,26.0,77.0,49.0,26.0,184.0,False,,False
"A3, B1, C2, D3, E1",32.0,40.0,77.0,52.0,32.0,201.0,False,,False
"A3, B1, C2, D3, E2",32.0,24.0,66.0,48.0,24.0,170.0,False,,False
"A3, B1, C2, D3, E3",32.0,24.0,67.0,49.0,24.0,172.0,False,,False
"A3, B1, C2, D4, E1",32.0,44.0,78.0,52.0,32.0,206.0,False,,False
"A3, B1, C2, D4, E2",32.0,28.0,67.0,48.0,28.0,175.0,False,,False
"A3, B1, C2, D4, E3",32.0,28.0,68.0,49.0,28.0,177.0,False,,False
"A3, B1, C3, D1, E1",28.0,61.0,76.0,48.0,28.0,213.0,False,,False
"A3, B1, C3, D1, E2",28.0,45.0,65.0,44.0,28.0,182.0,False,,False
"A3, B1, C3, D1, E3",28.0,45.0,66.0,45.0,28.0,184.0,False,,False
"A3, B1, C3, D2, E1",28.0,39.0,87.0,48.0,28.0,202.0,False,,False
"A3, B1, C3, D2, E2",28.0,23.0,76.0,44.0,23.0,171.0,False,,False
"A3, B1, C3, D2, E3",28.0,23.0,77.0,45.0,23.0,173.0,False,,False
"A3, B1, C3, D3, E1",28.0,37.0,77.0,48.0,28.0,190.0,False,,False
"A3, B1, C3, D3, E2",28.0,21.0,66.0,44.0,21.0,159.0,False,,False
"A3, B1, C3, D3, E3",28.0,21.0,67.0,45.0,21.0,161.0,False,,False
"A3, B1, C3, D4, E1",28.0,41.0,78.0,48.0,28.0,195.0,False,,False
"A3, B1, C3, D4, E2",28.0,25.0,67.0,44.0,25.0,164.0,False,,False
"A3, B1, C3, D4, E3",28.0,25.0,68.0,45.0,25.0,166.0,False,,False
"A3, B1, C4, D1, E1",34.0,67.0,82.0,62.0,34.0,245.0,False,,True
"A3, B1, C4, D1, E2",34.0,51.0,71.0,58.0,34.0,214.0,False,,False
"A3, B1, C4, D1, E3",34.0,51.0,72.0,59.0,34.0,216.0,False,,False
"A3, B1, C4, D2, E1",34.0,45.0,93.0,62.0,34.0,234.0,False,,True
"A3, B1, C4, D2, E2",34.0,29.0,82.0,58.0,29.0,203.0,False,,False
"A3, B1, C4, D2, E3",34.0,29.0,83.0,59.0,29.0,205.0,False,,False
"A3, B1, C4, D3, E1",34.0,43.0,83.0,62.0,34.0,222.0,False,,False
"A3, B1, C4, D3, E2",34.0,27.0,72.0,58.0,27.0,191.0,False,,False
"A3, B1, C4, D3, E3",34.0,27.0,73.0,59.0,27.0,193.0,False,,False
"A3, B1, C4, D4, E1",34.0,47.0,84.0,62.0,34.0,227.0,False,,True
"A3, B1, C4, D4, E2",34.0,31.0,73.0,58.0,31.0,196.0,False,,False
"A3, B1, C4, D4, E3",34.0,31.0,74.0,59.0,31.0,198.0,False,,False
"A3, B1, C5, D1, E1",34.0,61.0,75.0,48.0,34.0,218.0,False,,False
"A3, B1, C5, D1, E2",34.0,45.0,64.0,44.0,34.0,187.0,False,,False
"A3, B1, C5, D1, E3",34.0,45.0,65.0,45.0,34.0,189.0,False,,False
"A3, B1, C5, D2, E1",34.0,39.0,86.0,48.0,34.0,207.0,False,,False
"A3, B1, C5, D2, E2",34.0,23.0,75.0,44.0,23.0,176.0,False,,False
"A3, B1, C5, D2, E3",34.0,23.0,76.0,45.0,23.0,178.0,False,,False
"A3, B1, C5, D3, E1",34.0,37.0,76.0,48.0,34.0,195.0,False,,False
"A3, B1, C5, D3, E2",34.0,21.0,65.0,44.0,21.0,164.0,False,,False
"A3, B1, C5, D3, E3",34.0,21.0,66.0,45.0,21.0,166.0,False,,False
"A3, B1, C5, D4, E1",34.0,41.0,77.0,48.0,34.0,200.0,False,,False
"A3, B1, C5, D4, E2",34.0,25.0,66.0,44.0,25.0,169.0,False,,False
"A3, B1, C5, D4, E3",34.0,25.0,67.0,45.0,25.0,171.0,False,,False
"A3, B2, C1, D1, E1",42.0,64.0,72.0,42.0,42.0,220.0,False,,False
"A3, B2, C1, D1, E2",42.0,48.0,61.0,38.0,38.0,189.0,False,,False
"A3, B2, C1, D1, E3",42.0,48.0,62.0,39.0,39.0,191.0,False,,False
"A3, B2, C1, D2, E1",42.0,42.0,83.0,42.0,42.0,209.0,False,,False
"A3, B2, C1, D2, E2",42.0,26.0,72.0,38.0,26.0,178.0,False,,False
"A3, B2, C1, D2, E3",42.0,26.0,73.0,39.0,26.0,180.0,False,,False
"A3, B2, C1, D3, E1",42.0,40.0,73.0,42.0,40.0,197.0,False,,False
"A3, B2, C1, D3, E2",42.0,24.0,62.0,38.0,24.0,166.0,False,,False
"A3, B2, C1, D3, E3",42.0,24.0,63.0,39.0,24.0,168.0,False,,False
"A3, B2, C1, D4, E1",42.0,44.0,74.0,42.0,42.0,202.0,False,,False
"A3, B2, C1, D4, E2",42.0,28.0,63.0,38.0,28.0,171.0,False,,False
"A3, B2, C1, D4, E3",42.0,28.0,64.0,39.0,28.0,173.0,False,,False
"A3, B2, C2, D1, E1",34.0,69.0,71.0,47.0,34.0,221.0,False,,False
"A3, B2, C2, D1, E2",34.0,53.0,60.0,43.0,34.0,190.0,False,,False
"A3, B2, C2, D1, E3",34.0,53.0,61.0,44.0,34.0,192.0,False,,False
"A3, B2, C2, D2, E1",34.0,47.0,82.0,47.0,34.0,210.0,False,,False
"A3, B2, C2, D2, E2",34.0,31.0,71.0,43.0,31.0,179.0,False,,False
"A3, B2, C2, D2, E3",34.0,31.0,72.0,44.0,31.0,181.0,False,,False
"A3, B2, C2, D3, E1",34.0,45.0,72.0,47.0,34.0,198.0,False,,False
"A3, B2, C2, D3, E2",34.0,29.0,61.0,43.0,29.0,167.0,False,,False
"A3, B2, C2, D3, E3",34.0,29.0,62.0,44.0,29.0,169.0,False,,False
"A3, B2, C2, D4, E1",34.0,49.0,73.0,47.0,34.0,203.0,False,,False
"A3, B2, C2, D4, E2",34.0,33.0,62.0,43.0,33.0,172.0,False,,False
"A3, B2, C2, D4, E3",34.0,33.0,63.0,44.0,33.0,174.0,False,,False
"A3, B2, C3, D1, E1",30.0,66.0,71.0,43.0,30.0,210.0,False,,False
"A3, B2, C3, D1, E2",30.0,50.0,60.0,39.0,30.0,179.0,False,,False
"A3, B2, C3, D1, E3",30.0,50.0,61.0,40.0,30.0,181.0,False,,False
"A3, B2, C3, D2, E1",30.0,44.0,82.0,43.0,30.0,199.0,False,,False
"A3, B2, C3, D2, E2",30.0,28.0,71.0,39.0,28.0,168.0,False,,False
"A3, B2, C3, D2, E3",30.0,28.0,72.0,40.0,28.0,170.0,False,,False
"A3, B2, C3, D3, E1",30.0,42.0,72.0,43.0,30.0,187.0,False,,False
"A3, B2, C3, D3, E2",30.0,26.0,61.0,39.0,26.0,156.0,False,,False
"A3, B2, C3, D3, E3",30.0,26.0,62.0,40.0,26.0,158.0,False,,False
"A3, B2, C3, D4, E1",30.0,46.0,73.0,43.0,30.0,192.0,False,,False
"A3, B2, C3, D4, E2",30.0,30.0,62.0,39.0,30.0,161.0,False,,False
"A3, B2, C3, D4, E3",30.0,30.0,63.0,40.0,30.0,163.0,False,,False
"A3, B2, C4, D1, E1",36.0,72.0,77.0,57.0,36.0,242.0,False,,True
"A3, B2, C4, D1, E2",36.0,56.0,66.0,53.0,36.0,211.0,False,,False
"A3, B2, C4, D1, E3",36.0,56.0,67.0,54.0,36.0,213.0,False,,False
"A3, B2, C4, D2, E1",36.0,50.0,88.0,57.0,36.0,231.0,False,,True
"A3, B2, C4, D2, E2",36.0,34.0,77.0,53.0,34.0,200.0,False,,False
"A3, B2, C4, D2, E3",36.0,34.0,78.0,54.0,34.0,202.0,False,,False
"A3, B2, C4, D3, E1",36.0,48.0,78.0,57.0,36.0,219.0,False,,False
"A3, B2, C4, D3, E2",36.0,32.0,67.0,53.0,32.0,188.0,False,,False
"A3, B2, C4, D3, E3",36.0,32.0,68.0,54.0,32.0,190.0,False,,False
"A3, B2, C4, D4, E1",36.0,52.0,79.0,57.0,36.0,224.0,False,,True
"A3, B2, C4, D4, E2",36.0,36.0,68.0,53.0,36.0,193.0,False,,False
"A3, B2, C4, D4, E3",36.0,36.0,69.0,54.0,36.0,195.0,False,,False
"A3, B2, C5, D1, E1",36.0,66.0,70.0,43.0,36.0,215.0,False,,False
"A3, B2, C5, D1, E2",36.0,50.0,59.0,39.0,36.0,184.0,False,,False
"A3, B2, C5, D1, E3",36.0,50.0,60.0,40.0,36.0,186.0,False,,False
"A3, B2, C5, D2, E1",36.0,44.0,81.0,43.0,36.0,204.0,False,,False
"A3, B2, C5, D2, E2",36.0,28.0,70.0,39.0,28.0,173.0,False,,False
"A3, B2, C5, D2, E3",36.0,28.0,71.0,40.0,28.0,175.0,False,,False
"A3, B2, C5, D3, E1",36.0,42.0,71.0,43.0,36.0,192.0,False,,False
"A3, B2, C5, D3, E2",36.0,26.0,60.0,39.0,26.0,161.0,False,,False
"A3, B2, C5, D3, E3",36.0,26.0,61.0,40.0,26.0,163.0,False,,False
"A3, B2, C5, D4, E1",36.0,46.0,72.0,43.0,36.0,197.0,False,,False
"A3, B2, C5, D4, E2",36.0,30.0,61.0,39.0,30.0,166.0,False,,False
"A3, B2, C5, D4, E3",36.0,30.0,62.0,40.0,30.0,168.0,False,,False
"A3, B3, C1, D1, E1",37.0,73.0,84.0,43.0,37.0,237.0,False,,True
"A3, B3, C1, D1, E2",37.0,57.0,73.0,39.0,37.0,206.0,False,,False
"A3, B3, C1, D1, E3",37.0,57.0,74.0,40.0,37.0,208.0,False,,False
"A3, B3, C1, D2, E1",37.0,51.0,95.0,43.0,37.0,226.0,False,,True
"A3, B3, C1, D2, E2",37.0,35.0,84.0,39.0,35.0,195.0,False,,False
"A3, B3, C1, D2, E3",37.0,35.0,85.0,40.0,35.0,197.0,False,,False
"A3, B3, C1, D3, E1",37.0,49.0,85.0,43.0,37.0,214.0,False,,False
"A3, B3, C1, D3, E2",37.0,33.0,74.0,39.0,33.0,183.0,False,,False
"A3, B3, C1, D3, E3",37.0,33.0,75.0,40.0,33.0,185.0,False,,False
"A3, B3, C1, D4, E1",37.0,53.0,86.0,43.0,37.0,219.0,False,,True
"A3, B3, C1, D4, E2",37.0,37.0,75.0,39.0,37.0,188.0,False,,False
"A3, B3, C1, D4, E3",37.0,37.0,76.0,40.0,37.0,190.0,False,,False
"A3, B3, C2, D1, E1",29.0,78.0,83.0,48.0,29.0,238.0,False,,False
"A3, B3, C2, D1, E2",29.0,62.0,72.0,44.0,29.0,207.0,False,,False
"A3, B3, C2, D1, E3",29.0,62.0,73.0,45.0,29.0,209.0,False,,False
"A3, B3, C2, D2, E1",29.0,56.0,94.0,48.0,29.0,227.0,False,,False
"A3, B3, C2, D2, E2",29.0,40.0,83.0,44.0,29.0,196.0,False,,False
"A3, B3, C2, D2, E3",29.0,40.0,84.0,45.0,29.0,198.0,False,,False
"A3, B3, C2, D3, E1",29.0,54.0,84.0,48.0,29.0,215.0,False,,False
"A3, B3, C2, D3, E2",29.0,38.0,73.0,44.0,29.0,184.0,False,,False
"A3, B3, C2, D3, E3",29.0,38.0,74.0,45.0,29.0,186.0,False,,False
"A3, B3, C2, D4, E1",29.0,58.0,85.0,48.0,29.0,220.0,False,,False
"A3, B3, C2, D4, E2",29.0,42.0,74.0,44.0,29.0,189.0,False,,False
"A3, B3, C2, D4, E3",29.0,42.0,75.0,45.0,29.0,191.0,False,,False
"A3, B3, C3, D1, E1",25.0,75.0,83.0,44.0,25.0,227.0,False,,False
"A3, B3, C3, D1, E2",25.0,59.0,72.0,40.0,25.0,196.0,False,,False
"A3, B3, C3, D1, E3",25.0,59.0,73.0,41.0,25.0,198.0,False,,False
"A3, B3, C3, D2, E1",25.0,53.0,94.0,44.0,25.0,216.0,False,,False
"A3, B3, C3, D2, E2",25.0,37.0,83.0,40.0,25.0,185.0,False,,False
"A3, B3, C3, D2, E3",25.0,37.0,84.0,41.0,25.0,187.0,False,,False
"A3, B3, C3, D3, E1",25.0,51.0,84.0,44.0,25.0,204.0,False,,False
"A3, B3, C3, D3, E2",25.0,35.0,73.0,40.0,25.0,173.0,False,,False
"A3, B3, C3, D3, E3",25.0,35.0,74.0,41.0,25.0,175.0,False,,False
"A3, B3, C3, D4, E1",25.0,55.0,85.0,44.0,25.0,209.0,False,,False
"A3, B3, C3, D4, E2",25.0,39.0,74.0,40.0,25.0,178.0,False,,False
"A3, B3, C3, D4, E3",25.0,39.0,75.0,41.0,25.0,180.0,False,,False
"A3, B3, C4, D1, E1",31.0,81.0,89.0,58.0,31.0,259.0,False,,True
"A3, B3, C4, D1, E2",31.0,65.0,78.0,54.0,31.0,228.0,False,,False
"A3, B3, C4, D1, E3",31.0,65.0,79.0,55.0,31.0,230.0,False,,False
"A3, B3, C4, D2, E1",31.0,59.0,100.0,58.0,31.0,248.0,False,,True
"A3, B3, C4, D2, E2",31.0,43.0,89.0,54.0,31.0,217.0,False,,False
"A3, B3, C4, D2, E3",31.0,43.0,90.0,55.0,31.0,219.0,False,,False
"A3, B3, C4, D3, E1",31.0,57.0,90.0,58.0,31.0,236.0,False,,False
"A3, B3, C4, D3, E2",31.0,41.0,79.0,54.0,31.0,205.0,False,,False
"A3, B3, C4, D3, E3",31.0,41.0,80.0,55.0,31.0,207.0,False,,False
"A3, B3, C4, D4, E1",31.0,61.0,91.0,58.0,31.0,241.0,False,,True
"A3, B3, C4, D4, E2",31.0,45.0,80.0,54.0,31.0,210.0,False,,False
"A3, B3, C4, D4, E3",31.0,45.0,81.0,55.0,31.0,212.0,False,,False
"A3, B3, C5, D1, E1",31.0,75.0,82.0,44.0,31.0,232.0,False,,False
"A3, B3, C5, D1, E2",31.0,59.0,71.0,40.0,31.0,201.0,False,,False
"A3, B3, C5, D1, E3",31.0,59.0,72.0,41.0,31.0,203.0,False,,False
"A3, B3, C5, D2, E1",31.0,53.0,93.0,44.0,31.0,221.0,False,,False
"A3, B3, C5, D2, E2",31.0,37.0,82.0,40.0,31.0,190.0,False,,False
"A3, B3, C5, D2, E3",31.0,37.0,83.0,41.0,31.0,192.0,False,,False
"A3, B3, C5, D3, E1",31.0,51.0,83.0,44.0,31.0,209.0,False,,False
"A3, B3, C5, D3, E2",31.0,35.0,72.0,40.0,31.0,178.0,False,,False
"A3, B3, C5, D3, E3",31.0,35.0,73.0,41.0,31.0,180.0,False,,False
"A3, B3, C5, D4, E1",31.0,55.0,84.0,44.0,31.0,214.0,False,,False
"A3, B3, C5, D4, E2",31.0,39.0,73.0,40.0,31.0,183.0,False,,False
"A3, B3, C5, D4, E3",31.0,39.0,74.0,41.0,31.0,185.0,False,,False
"A3, B4, C1, D1, E1",39.0,59.0,75.0,39.0,39.0,212.0,False,,False
"A3, B4, C1, D1, E2",39.0,43.0,64.0,35.0,35.0,181.0,False,,False
"A3, B4, C1, D1, E3",39.0,43.0,65.0,36.0,36.0,183.0,False,,False
"A3, B4, C1, D2, E1",39.0,37.0,86.0,39.0,37.0,201.0,False,,False
"A3, B4, C1, D2, E2",39.0,21.0,75.0,35.0,21.0,170.0,False,,False
"A3, B4, C1, D2, E3",39.0,21.0,76.0,36.0,21.0,172.0,False,,False
"A3, B4, C1, D3, E1",39.0,35.0,76.0,39.0,35.0,189.0,False,,False
"A3, B4, C1, D3, E2",39.0,19.0,65.0,35.0,19.0,158.0,False,,False
"A3, B4, C1, D3, E3",39.0,19.0,66.0,36.0,19.0,160.0,False,,False
"A3, B4, C1, D4, E1",39.0,39.0,77.0,39.0,39.0,194.0,False,,False
"A3, B4, C1, D4, E2",39.0,23.0,66.0,35.0,23.0,163.0,False,,False
"A3, B4, C1, D4, E3",39.0,23.0,67.0,36.0,23.0,165.0,False,,False
"A3, B4, C2, D1, E1",31.0,64.0,74.0,44.0,31.0,213.0,False,,False
"A3, B4, C2, D1, E2",31.0,48.0,63.0,40.0,31.0,182.0,False,,False
"A3, B4, C2, D1, E3",31.0,48.0,64.0,41.0,31.0,184.0,False,,False
"A3, B4, C2, D2, E1",31.0,42.0,85.0,44.0,31.0,202.0,False,,False
"A3, B4, C2, D2, E2",31.0,26.0,74.0,40.0,26.0,171.0,False,,False
"A3, B4, C2, D2, E3",31.0,26.0,75.0,41.0,26.0,173.0,False,,False
"A3, B4, C2, D3, E1",31.0,40.0,75.0,44.0,31.0,190.0,False,,False
"A3, B4, C2, D3, E2",31.0,24.0,64.0,40.0,24.0,159.0,False,,False
"A3, B4, C2, D3, E3",31.0,24.0,65.0,41.0,24.0,161.0,False,,False
"A3, B4, C2, D4, E1",31.0,44.0,76.0,44.0,31.0,195.0,False,,False
"A3, B4, C2, D4, E2",31.0,28.0,65.0,40.0,28.0,164.0,False,,False
"A3, B4, C2, D4, E3",31.0,28.0,66.0,41.0,28.0,166.0,False,,False
"A3, B4, C3, D1, E1",27.0,61.0,74.0,40.0,27.0,202.0,False,,False
"A3, B4, C3, D1, E2",27.0,45.0,63.0,36.0,27.0,171.0,False,,False
"A3, B4, C3, D1, E3",27.0,45.0,64.0,37.0,27.0,173.0,False,,False
"A3, B4, C3, D2, E1",27.0,39.0,85.0,40.0,27.0,191.0,False,,False
"A3, B4, C3, D2, E2",27.0,23.0,74.0,36.0,23.0,160.0,False,,False
"A3, B4, C3, D2, E3",27.0,23.0,75.0,37.0,23.0,162.0,False,,False
"A3, B4, C3, D3, E1",27.0,37.0,75.0,40.0,27.0,179.0,False,,False
"A3, B4, C3, D3, E2",27.0,21.0,64.0,36.0,21.0,148.0,False,,False
"A3, B4, C3, D3, E3",27.0,21.0,65.0,37.0,21.0,150.0,False,,False
"A3, B4, C3, D4, E1",27.0,41.0,76.0,40.0,27.0,184.0,False,,False
"A3, B4, C3, D4, E2",27.0,25.0,65.0,36.0,25.0,153.0,False,,False
"A3, B4, C3, D4, E3",27.0,25.0,66.0,37.0,25.0,155.0,False,,False
"A3, B4, C4, D1, E1",33.0,67.0,80.0,54.0,33.0,234.0,False,,False
"A3, B4, C4, D1, E2",33.0,51.0,69.0,50.0,33.0,203.0,False,,False
"A3, B4, C4, D1, E3",33.0,51.0,70.0,51.0,33.0,205.0,False,,False
"A3, B4, C4, D2, E1",33.0,45.0,91.0,54.0,33.0,223.0,False,,False
"A3, B4, C4, D2, E2",33.0,29.0,80.0,50.0,29.0,192.0,False,,False
"A3, B4, C4, D2, E3",33.0,29.0,81.0,51.0,29.0,194.0,False,,False
"A3, B4, C4, D3, E1",33.0,43.0,81.0,54.0,33.0,211.0,False,,False
"A3, B4, C4, D3, E2",33.0,27.0,70.0,50.0,27.0,180.0,False,,False
"A3, B4, C4, D3, E3",33.0,27.0,71.0,51.0,27.0,182.0,False,,False
"A3, B4, C4, D4, E1",33.0,47.0,82.0,54.0,33.0,216.0,False,,False
"A3, B4, C4, D4, E2",33.0,31.0,71.0,50.0,31.0,185.0,False,,False
"A3, B4, C4, D4, E3",33.0,31.0,72.0,51.0,31.0,187.0,False,,False
"A3, B4, C5, D1, E1",33.0,61.0,73.0,40.0,33.0,207.0,False,,False
"A3, B4, C5, D1, E2",33.0,45.0,62.0,36.0,33.0,176.0,False,,False
"A3, B4, C5, D1, E3",33.0,45.0,63.0,37.0,33.0,178.0,False,,False
"A3, B4, C5, D2, E1",33.0,39.0,84.0,40.0,33.0,196.0,False,,False
"A3, B4, C5, D2, E2",33.0,23.0,73.0,36.0,23.0,165.0,False,,False
"A3, B4, C5, D2, E3",33.0,23.0,74.0,37.0,23.0,167.0,False,,False
"A3, B4, C5, D3, E1",33.0,37.0,74.0,40.0,33.0,184.0,False,,False
"A3, B4, C5, D3, E2",33.0,21.0,63.0,36.0,21.0,153.0,False,,False
"A3, B4, C5, D3, E3",33.0,21.0,64.0,37.0,21.0,155.0,False,,False
"A3, B4, C5, D4, E1",33.0,41.0,75.0,40.0,33.0,189.0,False,,False
"A3, B4, C5, D4, E2",33.0,25.0,64.0,36.0,25.0,158.0,False,,False
"A3, B4, C5, D4, E3",33.0,25.0,65.0,37.0,25.0,160.0,False,,False
"A3, B5, C1, D1, E1",58.0,60.0,72.0,85.0,58.0,275.0,False,,True
"A3, B5, C1, D1, E2",58.0,44.0,61.0,81.0,44.0,244.0,False,,False
"A3, B5, C1, D1, E3",58.0,44.0,62.0,82.0,44.0,246.0,False,,False
"A3, B5, C1, D2, E1",58.0,38.0,83.0,85.0,38.0,264.0,False,,True
"A3, B5, C1, D2, E2",58.0,22.0,72.0,81.0,22.0,233.0,False,,False
"A3, B5, C1, D2, E3",58.0,22.0,73.0,82.0,22.0,235.0,False,,False
"A3, B5, C1, D3, E1",58.0,36.0,73.0,85.0,36.0,252.0,False,,False
"A3, B5, C1, D3, E2",58.0,20.0,62.0,81.0,20.0,221.0,False,,False
"A3, B5, C1, D3, E3",58.0,20.0,63.0,82.0,20.0,223.0,False,,False
"A3, B5, C1, D4, E1",58.0,40.0,74.0,85.0,40.0,257.0,False,,True
"A3, B5, C1, D4, E2",58.0,24.0,63.0,81.0,24.0,226.0,False,,False
"A3, B5, C1, D4, E3",58.0,24.0,64.0,82.0,24.0,228.0,False,,False
"A3, B5, C2, D1, E1",50.0,65.0,71.0,90.0,50.0,276.0,False,,False
"A3, B5, C2, D1, E2",50.0,49.0,60.0,86.0,49.0,245.0,False,,False
"A3, B5, C2, D1, E3",50.0,49.0,61.0,87.0,49.0,247.0,False,,False
"A3, B5, C2, D2, E1",50.0,43.0,82.0,90.0,43.0,265.0,False,,False
"A3, B5, C2, D2, E2",50.0,27.0,71.0,86.0,27.0,234.0,False,,False
"A3, B5, C2, D2, E3",50.0,27.0,72.0,87.0,27.0,236.0,False,,False
"A3, B5, C2, D3, E1",50.0,41.0,72.0,90.0,41.0,253.0,False,,False
"A3, B5, C2, D3, E2",50.0,25.0,61.0,86.0,25.0,222.0,False,,False
"A3, B5, C2, D3, E3",50.0,25.0,62.0,87.0,25.0,224.0,False,,False
"A3, B5, C2, D4, E1",50.0,45.0,73.0,90.0,45.0,258.0,False,,False
"A3, B5, C2, D4, E2",50.0,29.0,62.0,86.0,29.0,227.0,False,,False
"A3, B5, C2, D4, E3",50.0,29.0,63.0,87.0,29.0,229.0,False,,False
"A3, B5, C3, D1, E1",46.0,62.0,71.0,86.0,46.0,265.0,False,,False
"A3, B5, C3, D1, E2",46.0,46.0,60.0,82.0,46.0,234.0,False,,False
"A3, B5, C3, D1, E3",46.0,46.0,61.0,83.0,46.0,236.0,False,,False
"A3, B5, C3, D2, E1",46.0,40.0,82.0,86.0,40.0,254.0,False,,False
"A3, B5, C3, D2, E2",46.0,24.0,71.0,82.0,24.0,223.0,False,,False
"A3, B5, C3, D2, E3",46.0,24.0,72.0,83.0,24.0,225.0,False,,False
"A3, B5, C3, D3, E1",46.0,38.0,72.0,86.0,38.0,242.0,False,,False
"A3, B5, C3, D3, E2",46.0,22.0,61.0,82.0,22.0,211.0,False,,False
"A3, B5, C3, D3, E3",46.0,22.0,62.0,83.0,22.0,213.0,False,,False
"A3, B5, C3, D4, E1",46.0,42.0,73.0,86.0,42.0,247.0,False,,False
"A3, B5, C3, D4, E2",46.0,26.0,62.0,82.0,26.0,216.0,False,,False
"A3, B5, C3, D4, E3",46.0,26.0,63.0,83.0,26.0,218.0,False,,False
"A3, B5, C4, D1, E1",52.0,68.0,77.0,100.0,52.0,297.0,False,,True
"A3, B5, C4, D1, E2",52.0,52.0,66.0,96.0,52.0,266.0,False,,False
"A3, B5, C4, D1, E3",52.0,52.0,67.0,97.0,52.0,268.0,False,,False
"A3, B5, C4, D2, E1",52.0,46.0,88.0,100.0,46.0,286.0,False,,True
"A3, B5, C4, D2, E2",52.0,30.0,77.0,96.0,30.0,255.0,False,,False
"A3, B5, C4, D2, E3",52.0,30.0,78.0,97.0,30.0,257.0,False,,False
"A3, B5, C4, D3, E1",52.0,44.0,78.0,100.0,44.0,274.0,False,,False
"A3, B5, C4, D3, E2",52.0,28.0,67.0,96.0,28.0,243.0,False,,False
"A3, B5, C4, D3, E3",52.0,28.0,68.0,97.0,28.0,245.0,False,,False
"A3, B5, C4, D4, E1",52.0,48.0,79.0,100.0,48.0,279.0,False,,True
"A3, B5, C4, D4, E2",52.0,32.0,68.0,96.0,32.0,248.0,False,,False
"A3, B5, C4, D4, E3",52.0,32.0,69.0,97.0,32.0,250.0,False,,False
"A3, B5, C5, D1, E1",52.0,62.0,70.0,86.0,52.0,270.0,False,,False
"A3, B5, C5, D1, E2",52.0,46.0,59.0,82.0,46.0,239.0,False,,False
"A3, B5, C5, D1, E3",52.0,46.0,60.0,83.0,46.0,241.0,False,,False
"A3, B5, C5, D2, E1",52.0,40.0,81.0,86.0,40.0,259.0,False,,False
"A3, B5, C5, D2, E2",52.0,24.0,70.0,82.0,24.0,228.0,False,,False
"A3, B5, C5, D2, E3",52.0,24.0,71.0,83.0,24.0,230.0,False,,False
"A3, B5, C5, D3, E1",52.0,38.0,71.0,86.0,38.0,247.0,False,,False
"A3, B5, C5, D3, E2",52.0,22.0,60.0,82.0,22.0,216.0,False,,False
"A3, B5, C5, D3, E3",52.0,22.0,61.0,83.0,22.0,218.0,False,,False
"A3, B5, C5, D4, E1",52.0,42.0,72.0,86.0,42.0,252.0,False,,False
"A3, B5, C5, D4, E2",52.0,26.0,61.0,82.0,26.0,221.0,False,,False
"A3, B5, C5, D4, E3",52.0,26.0,62.0,83.0,26.0,223.0,False,,False
"A4, B1, C1, D1, E1",36.0,59.0,40.0,34.0,34.0,169.0,False,,False
"A4, B1, C1, D1, E2",36.0,43.0,29.0,30.0,29.0,138.0,False,,False
"A4, B1, C1, D1, E3",36.0,43.0,30.0,31.0,30.0,140.0,False,,False
"A4, B1, C1, D2, E1",36.0,37.0,51.0,34.0,34.0,158.0,False,,False
"A4, B1, C1, D2, E2",36.0,21.0,40.0,30.0,21.0,127.0,False,,False
"A4, B1, C1, D2, E3",36.0,21.0,41.0,31.0,21.0,129.0,False,,False
"A4, B1, C1, D3, E1",36.0,35.0,41.0,34.0,34.0,146.0,False,,False
"A4, B1, C1, D3, E2",36.0,19.0,30.0,30.0,19.0,115.0,False,,False
"A4, B1, C1, D3, E3",36.0,19.0,31.0,31.0,19.0,117.0,False,,False
"A4, B1, C1, D4, E1",36.0,39.0,42.0,34.0,34.0,151.0,False,,False
"A4, B1, C1, D4, E2",36.0,23.0,31.0,30.0,23.0,120.0,False,,False
"A4, B1, C1, D4, E3",36.0,23.0,32.0,31.0,23.0,122.0,False,,False
"A4, B1, C2, D1, E1",28.0,64.0,39.0,39.0,28.0,170.0,False,,False
"A4, B1, C2, D1, E2",28.0,48.0,28.0,35.0,28.0,139.0,False,,False
"A4, B1, C2, D1, E3",28.0,48.0,29.0,36.0,28.0,141.0,False,,False
"A4, B1, C2, D2, E1",28.0,42.0,50.0,39.0,28.0,159.0,False,,False
"A4, B1, C2, D2, E2",28.0,26.0,39.0,35.0,26.0,128.0,False,,False
"A4, B1, C2, D2, E3",28.0,26.0,40.0,36.0,26.0,130.0,False,,False
"A4, B1, C2, D3, E1",28.0,40.0,40.0,39.0,28.0,147.0,False,,False
"A4, B1, C2, D3, E2",28.0,24.0,29.0,35.0,24.0,116.0,False,,False
"A4, B1, C2, D3, E3",28.0,24.0,30.0,36.0,24.0,118.0,False,,False
"A4, B1, C2, D4, E1",28.0,44.0,41.0,39.0,28.0,152.0,False,,False
"A4, B1, C2, D4, E2",28.0,28.0,30.0,35.0,28.0,121.0,False,,False
"A4, B1, C2, D4, E3",28.0,28.0,31.0,36.0,28.0,123.0,False,,False
"A4, B1, C3, D1, E1",24.0,61.0,39.0,35.0,24.0,159.0,False,,False
"A4, B1, C3, D1, E2",24.0,45.0,28.0,31.0,24.0,128.0,False,,False
"A4, B1, C3, D1, E3",24.0,45.0,29.0,32.0,24.0,130.0,False,,False
"A4, B1, C3, D2, E1",24.0,39.0,50.0,35.0,24.0,148.0,False,,False
"A4, B1, C3, D2, E2",24.0,23.0,39.0,31.0,23.0,117.0,False,,False
"A4, B1, C3, D2, E3",24.0,23.0,40.0,32.0,23.0,119.0,False,,False
"A4, B1, C3, D3, E1",24.0,37.0,40.0,35.0,24.0,136.0,False,,False
"A4, B1, C3, D3, E2",24.0,21.0,29.0,31.0,21.0,105.0,False,,False
"A4, B1, C3, D3, E3",24.0,21.0,30.0,32.0,21.0,107.0,False,,False
"A4, B1, C3, D4, E1",24.0,41.0,41.0,35.0,24.0,141.0,False,,False
"A4, B1, C3, D4, E2",24.0,25.0,30.0,31.0,24.0,110.0,False,,False
"A4, B1, C3, D4, E3",24.0,25.0,31.0,32.0,24.0,112.0,False,,False
"A4, B1, C4, D1, E1",30.0,67.0,45.0,49.0,30.0,191.0,False,,False
"A4, B1, C4, D1, E2",30.0,51.0,34.0,45.0,30.0,160.0,False,,False
"A4, B1, C4, D1, E3",30.0,51.0,35.0,46.0,30.0,162.0,False,,False
"A4, B1, C4, D2, E1",30.0,45.0,56.0,49.0,30.0,180.0,False,,False
"A4, B1, C4, D2, E2",30.0,29.0,45.0,45.0,29.0,149.0,False,,False
"A4, B1, C4, D2, E3",30.0,29.0,46.0,46.0,29.0,151.0,False,,False
"A4, B1, C4, D3, E1",30.0,43.0,46.0,49.0,30.0,168.0,False,,False
"A4, B1, C4, D3, E2",30.0,27.0,35.0,45.0,27.0,137.0,False,,False
"A4, B1, C4, D3, E3",30.0,27.0,36.0,46.0,27.0,139.0,False,,False
"A4, B1, C4, D4, E1",30.0,47.0,47.0,49.0,30.0,173.0,False,,False
"A4, B1, C4, D4, E2",30.0,31.0,36.0,45.0,30.0,142.0,False,,False
"A4, B1, C4, D4, E3",30.0,31.0,37.0,46.0,30.0,144.0,False,,False
"A4, B1, C5, D1, E1",30.0,61.0,38.0,35.0,30.0,164.0,False,,False
"A4, B1, C5, D1, E2",30.0,45.0,27.0,31.0,27.0,133.0,False,,False
"A4, B1, C5, D1, E3",30.0,45.0,28.0,32.0,28.0,135.0,False,,False
"A4, B1, C5, D2, E1",30.0,39.0,49.0,35.0,30.0,153.0,False,,False
"A4, B1, C5, D2, E2",30.0,23.0,38.0,31.0,23.0,122.0,False,,False
"A4, B1, C5, D2, E3",30.0,23.0,39.0,32.0,23.0,124.0,False,,False
"A4, B1, C5, D3, E1",30.0,37.0,39.0,35.0,30.0,141.0,False,,False
"A4, B1, C5, D3, E2",30.0,21.0,28.0,31.0,21.0,110.0,False,,False
"A4, B1, C5, D3, E3",30.0,21.0,29.0,32.0,21.0,112.0,False,,False
"A4, B1, C5, D4, E1",30.0,41.0,40.0,35.0,30.0,146.0,False,,False
"A4, B1, C5, D4, E2",30.0,25.0,29.0,31.0,25.0,115.0,False,,False
"A4, B1, C5, D4, E3",30.0,25.0,30.0,32.0,25.0,117.0,False,,False
"A4, B2, C1, D1, E1",38.0,64.0,35.0,29.0,29.0,166.0,False,,False
"A4, B2, C1, D1, E2",38.0,48.0,24.0,25.0,24.0,135.0,False,,False
"A4, B2, C1, D1, E3",38.0,48.0,25.0,26.0,25.0,137.0,False,,False
"A4, B2, C1, D2, E1",38.0,42.0,46.0,29.0,29.0,155.0,False,,False
"A4, B2, C1, D2, E2",38.0,26.0,35.0,25.0,25.0,124.0,False,,False
"A4, B2, C1, D2, E3",38.0,26.0,36.0,26.0,26.0,126.0,False,,False
"A4, B2, C1, D3, E1",38.0,40.0,36.0,29.0,29.0,143.0,False,,False
"A4, B2, C1, D3, E2",38.0,24.0,25.0,25.0,24.0,112.0,False,,False
"A4, B2, C1, D3, E3",38.0,24.0,26.0,26.0,24.0,114.0,False,,False
"A4, B2, C1, D4, E1",38.0,44.0,37.0,29.0,29.0,148.0,False,,False
"A4, B2, C1, D4, E2",38.0,28.0,26.0,25.0,25.0,117.0,False,,False
"A4, B2, C1, D4, E3",38.0,28.0,27.0,26.0,26.0,119.0,False,,False
"A4, B2, C2, D1, E1",30.0,69.0,34.0,34.0,30.0,167.0,False,,False
"A4, B2, C2, D1, E2",30.0,53.0,23.0,30.0,23.0,136.0,False,,False
"A4, B2, C2, D1, E3",30.0,53.0,24.0,31.0,24.0,138.0,False,,False
"A4, B2, C2, D2, E1",30.0,47.0,45.0,34.0,30.0,156.0,False,,False
"A4, B2, C2, D2, E2",30.0,31.0,34.0,30.0,30.0,125.0,False,,False
"A4, B2, C2, D2, E3",30.0,31.0,35.0,31.0,30.0,127.0,False,,False
"A4, B2, C2, D3, E1",30.0,45.0,35.0,34.0,30.0,144.0,False,,False
"A4, B2, C2, D3, E2",30.0,29.0,24.0,30.0,24.0,113.0,False,,False
"A4, B2, C2, D3, E3",30.0,29.0,25.0,31.0,25.0,115.0,False,,False
"A4, B2, C2, D4, E1",30.0,49.0,36.0,34.0,30.0,149.0,False,,False
"A4, B2, C2, D4, E2",30.0,33.0,25.0,30.0,25.0,118.0,False,,False
"A4, B2, C2, D4, E3",30.0,33.0,26.0,31.0,26.0,120.0,False,,False
"A4, B2, C3, D1, E1",26.0,66.0,34.0,30.0,26.0,156.0,False,,False
"A4, B2, C3, D1, E2",26.0,50.0,23.0,26.0,23.0,125.0,False,,False
"A4, B2, C3, D1, E3",26.0,50.0,24.0,27.0,24.0,127.0,False,,False
"A4, B2, C3, D2, E1",26.0,44.0,45.0,30.0,26.0,145.0,False,,False
"A4, B2, C3, D2, E2",26.0,28.0,34.0,26.0,26.0,114.0,False,,False
"A4, B2, C3, D2, E3",26.0,28.0,35.0,27.0,26.0,116.0,False,,False
"A4, B2, C3, D3, E1",26.0,42.0,35.0,30.0,26.0,133.0,False,,False
"A4, B2, C3, D3, E2",26.0,26.0,24.0,26.0,24.0,102.0,False,,False
"A4, B2, C3, D3, E3",26.0,26.0,25.0,27.0,25.0,104.0,False,,False
"A4, B2, C3, D4, E1",26.0,46.0,36.0,30.0,26.0,138.0,False,,False
"A4, B2, C3, D4, E2",26.0,30.0,25.0,26.0,25.0,107.0,False,,False
"A4, B2, C3, D4, E3",26.0,30.0,26.0,27.0,26.0,109.0,False,,False
"A4, B2, C4, D1, E1",32.0,72.0,40.0,44.0,32.0,188.0,False,,False
"A4, B2, C4, D1, E2",32.0,56.0,29.0,40.0,29.0,157.0,False,,False
"A4, B2, C4, D1, E3",32.0,56.0,30.0,41.0,30.0,159.0,False,,False
"A4, B2, C4, D2, E1",32.0,50.0,51.0,44.0,32.0,177.0,False,,False
"A4, B2, C4, D2, E2",32.0,34.0,40.0,40.0,32.0,146.0,False,,False
"A4, B2, C4, D2, E3",32.0,34.0,41.0,41.0,32.0,148.0,False,,False
"A4, B2, C4, D3, E1",32.0,48.0,41.0,44.0,32.0,165.0,False,,False
"A4, B2, C4, D3, E2",32.0,32.0,30.0,40.0,30.0,134.0,False,,False
"A4, B2, C4, D3, E3",32.0,32.0,31.0,41.0,31.0,136.0,False,,False
"A4, B2, C4, D4, E1",32.0,52.0,42.0,44.0,32.0,170.0,False,,False
"A4, B2, C4, D4, E2",32.0,36.0,31.0,40.0,31.0,139.0,False,,False
"A4, B2, C4, D4, E3",32.0,36.0,32.0,41.0,32.0,141.0,False,,False
"A4, B2, C5, D1, E1",32.0,66.0,33.0,30.0,30.0,161.0,False,,False
"A4, B2, C5, D1, E2",32.0,50.0,22.0,26.0,22.0,130.0,False,,False
"A4, B2, C5, D1, E3",32.0,50.0,23.0,27.0,23.0,132.0,False,,False
"A4, B2, C5, D2, E1",32.0,44.0,44.0,30.0,30.0,150.0,False,,False
"A4, B2, C5, D2, E2",32.0,28.0,33.0,26.0,26.0,119.0,False,,False
"A4, B2, C5, D2, E3",32.0,28.0,34.0,27.0,27.0,121.0,False,,False
"A4, B2, C5, D3, E1",32.0,42.0,34.0,30.0,30.0,138.0,False,,False
"A4, B2, C5, D3, E2",32.0,26.0,23.0,26.0,23.0,107.0,False,,False
"A4, B2, C5, D3, E3",32.0,26.0,24.0,27.0,24.0,109.0,False,,False
"A4, B2, C5, D4, E1",32.0,46.0,35.0,30.0,30.0,143.0,False,,False
"A4, B2, C5, D4, E2",32.0,30.0,24.0,26.0,24.0,112.0,False,,False
"A4, B2, C5, D4, E3",32.0,30.0,25.0,27.0,25.0,114.0,False,,False
"A4, B3, C1, D1, E1",33.0,73.0,47.0,30.0,30.0,183.0,False,,False
"A4, B3, C1, D1, E2",33.0,57.0,36.0,26.0,26.0,152.0,False,,False
"A4, B3, C1, D1, E3",33.0,57.0,37.0,27.0,27.0,154.0,False,,False
"A4, B3, C1, D2, E1",33.0,51.0,58.0,30.0,30.0,172.0,False,,False
"A4, B3, C1, D2, E2",33.0,35.0,47.0,26.0,26.0,141.0,False,,False
"A4, B3, C1, D2, E3",33.0,35.0,48.0,27.0,27.0,143.0,False,,False
"A4, B3, C1, D3, E1",33.0,49.0,48.0,30.0,30.0,160.0,False,,False
"A4, B3, C1, D3, E2",33.0,33.0,37.0,26.0,26.0,129.0,False,,False
"A4, B3, C1, D3, E3",33.0,33.0,38.0,27.0,27.0,131.0,False,,False
"A4, B3, C1, D4, E1",33.0,53.0,49.0,30.0,30.0,165.0,False,,False
"A4, B3, C1, D4, E2",33.0,37.0,38.0,26.0,26.0,134.0,False,,False
"A4, B3, C1, D4, E3",33.0,37.0,39.0,27.0,27.0,136.0,False,,False
"A4, B3, C2, D1, E1",25.0,78.0,46.0,35.0,25.0,184.0,False,,False
"A4, B3, C2, D1, E2",25.0,62.0,35.0,31.0,25.0,153.0,False,,False
"A4, B3, C2, D1, E3",25.0,62.0,36.0,32.0,25.0,155.0,False,,False
"A4, B3, C2, D2, E1",25.0,56.0,57.0,35.0,25.0,173.0,False,,False
"A4, B3, C2, D2, E2",25.0,40.0,46.0,31.0,25.0,142.0,False,,False
"A4, B3, C2, D2, E3",25.0,40.0,47.0,32.0,25.0,144.0,False,,False
"A4, B3, C2, D3, E1",25.0,54.0,47.0,35.0,25.0,161.0,False,,False
"A4, B3, C2, D3, E2",25.0,38.0,36.0,31.0,25.0,130.0,False,,False
"A4, B3, C2, D3, E3",25.0,38.0,37.0,32.0,25.0,132.0,False,,False
"A4, B3, C2, D4, E1",25.0,58.0,48.0,35.0,25.0,166.0,False,,False
"A4, B3, C2, D4, E2",25.0,42.0,37.0,31.0,25.0,135.0,False,,False
"A4, B3, C2, D4, E3",25.0,42.0,38.0,32.0,25.0,137.0,False,,False
"A4, B3, C3, D1, E1",21.0,75.0,46.0,31.0,21.0,173.0,False,,False
"A4, B3, C3, D1, E2",21.0,59.0,35.0,27.0,21.0,142.0,False,,False
"A4, B3, C3, D1, E3",21.0,59.0,36.0,28.0,21.0,144.0,False,,False
"A4, B3, C3, D2, E1",21.0,53.0,57.0,31.0,21.0,162.0,False,,False
"A4, B3, C3, D2, E2",21.0,37.0,46.0,27.0,21.0,131.0,False,,False
"A4, B3, C3, D2, E3",21.0,37.0,47.0,28.0,21.0,133.0,False,,False
"A4, B3, C3, D3, E1",21.0,51.0,47.0,31.0,21.0,150.0,False,,False
"A4, B3, C3, D3, E2",21.0,35.0,36.0,27.0,21.0,119.0,False,,False
"A4, B3, C3, D3, E3",21.0,35.0,37.0,28.0,21.0,121.0,False,,False
"A4, B3, C3, D4, E1",21.0,55.0,48.0,31.0,21.0,155.0,False,,False
"A4, B3, C3, D4, E2",21.0,39.0,37.0,27.0,21.0,124.0,False,,False
"A4, B3, C3, D4, E3",21.0,39.0,38.0,28.0,21.0,126.0,False,,False
"A4, B3, C4, D1, E1",27.0,81.0,52.0,45.0,27.0,205.0,False,,False
"A4, B3, C4, D1, E2",27.0,65.0,41.0,41.0,27.0,174.0,False,,False
"A4, B3, C4, D1, E3",27.0,65.0,42.0,42.0,27.0,176.0,False,,False
"A4, B3, C4, D2, E1",27.0,59.0,63.0,45.0,27.0,194.0,False,,False
"A4, B3, C4, D2, E2",27.0,43.0,52.0,41.0,27.0,163.0,False,,False
"A4, B3, C4, D2, E3",27.0,43.0,53.0,42.0,27.0,165.0,False,,False
"A4, B3, C4, D3, E1",27.0,57.0,53.0,45.0,27.0,182.0,False,,False
"A4, B3, C4, D3, E2",27.0,41.0,42.0,41.0,27.0,151.0,False,,False
"A4, B3, C4, D3, E3",27.0,41.0,43.0,42.0,27.0,153.0,False,,False
"A4, B3, C4, D4, E1",27.0,61.0,54.0,45.0,27.0,187.0,False,,False
"A4, B3, C4, D4, E2",27.0,45.0,43.0,41.0,27.0,156.0,False,,False
"A4, B3, C4, D4, E3",27.0,45.0,44.0,42.0,27.0,158.0,False,,False
"A4, B3, C5, D1, E1",27.0,75.0,45.0,31.0,27.0,178.0,False,,False
"A4, B3, C5, D1, E2",27.0,59.0,34.0,27.0,27.0,147.0,False,,False
"A4, B3, C5, D1, E3",27.0,59.0,35.0,28.0,27.0,149.0,False,,False
"A4, B3, C5, D2, E1",27.0,53.0,56.0,31.0,27.0,167.0,False,,False
"A4, B3, C5, D2, E2",27.0,37.0,45.0,27.0,27.0,136.0,False,,False
"A4, B3, C5, D2, E3",27.0,37.0,46.0,28.0,27.0,138.0,False,,False
"A4, B3, C5, D3, E1",27.0,51.0,46.0,31.0,27.0,155.0,False,,False
"A4, B3, C5, D3, E2",27.0,35.0,35.0,27.0,27.0,124.0,False,,False
"A4, B3, C5, D3, E3",27.0,35.0,36.0,28.0,27.0,126.0,False,,False
"A4, B3, C5, D4, E1",27.0,55.0,47.0,31.0,27.0,160.0,False,,False
"A4, B3, C5, D4, E2",27.0,39.0,36.0,27.0,27.0,129.0,False,,False
"A4, B3, C5, D4, E3",27.0,39.0,37.0,28.0,27.0,131.0,False,,False
"A4, B4, C1, D1, E1",35.0,59.0,38.0,26.0,26.0,158.0,False,,False
"A4, B4, C1, D1, E2",35.0,43.0,27.0,22.0,22.0,127.0,False,,False
"A4, B4, C1, D1, E3",35.0,43.0,28.0,23.0,23.0,129.0,False,,False
"A4, B4, C1, D2, E1",35.0,37.0,49.0,26.0,26.0,147.0,False,,False
"A4, B4, C1, D2, E2",35.0,21.0,38.0,22.0,21.0,116.0,False,,False
"A4, B4, C1, D2, E3",35.0,21.0,39.0,23.0,21.0,118.0,False,,False
"A4, B4, C1, D3, E1",35.0,35.0,39.0,26.0,26.0,135.0,False,,False
"A4, B4, C1, D3, E2",35.0,19.0,28.0,22.0,19.0,104.0,False,,False
"A4, B4, C1, D3, E3",35.0,19.0,29.0,23.0,19.0,106.0,False,,False
"A4, B4, C1, D4, E1",35.0,39.0,40.0,26.0,26.0,140.0,False,,False
"A4, B4, C1, D4, E2",35.0,23.0,29.0,22.0,22.0,109.0,False,,False
"A4, B4, C1, D4, E3",35.0,23.0,30.0,23.0,23.0,111.0,False,,False
"A4, B4, C2, D1, E1",27.0,64.0,37.0,31.0,27.0,159.0,False,,False
"A4, B4, C2, D1, E2",27.0,48.0,26.0,27.0,26.0,128.0,False,,False
"A4, B4, C2, D1, E3",27.0,48.0,27.0,28.0,27.0,130.0,False,,False
"A4, B4, C2, D2, E1",27.0,42.0,48.0,31.0,27.0,148.0,False,,False
"A4, B4, C2, D2, E2",27.0,26.0,37.0,27.0,26.0,117.0,False,,False
"A4, B4, C2, D2, E3",27.0,26.0,38.0,28.0,26.0,119.0,False,,False
"A4, B4, C2, D3, E1",27.0,40.0,38.0,31.0,27.0,136.0,False,,False
"A4, B4, C2, D3, E2",27.0,24.0,27.0,27.0,24.0,105.0,False,,False
"A4, B4, C2, D3, E3",27.0,24.0,28.0,28.0,24.0,107.0,False,,False
"A4, B4, C2, D4, E1",27.0,44.0,39.0,31.0,27.0,141.0,False,,False
"A4, B4, C2, D4, E2",27.0,28.0,28.0,27.0,27.0,110.0,False,,False
"A4, B4, C2, D4, E3",27.0,28.0,29.0,28.0,27.0,112.0,False,,False
"A4, B4, C3, D1, E1",23.0,61.0,37.0,27.0,23.0,148.0,False,,False
"A4, B4, C3, D1, E2",23.0,45.0,26.0,23.0,23.0,117.0,False,,False
"A4, B4, C3, D1, E3",23.0,45.0,27.0,24.0,23.0,119.0,False,,False
"A4, B4, C3, D2, E1",23.0,39.0,48.0,27.0,23.0,137.0,False,,False
"A4, B4, C3, D2, E2",23.0,23.0,37.0,23.0,23.0,106.0,False,,False
"A4, B4, C3, D2, E3",23.0,23.0,38.0,24.0,23.0,108.0,False,,False
"A4, B4, C3, D3, E1",23.0,37.0,38.0,27.0,23.0,125.0,False,,False
"A4, B4, C3, D3, E2",23.0,21.0,27.0,23.0,21.0,94.0,False,,False
"A4, B4, C3, D3, E3",23.0,21.0,28.0,24.0,21.0,96.0,False,,False
"A4, B4, C3, D4, E1",23.0,41.0,39.0,27.0,23.0,130.0,False,,False
"A4, B4, C3, D4, E2",23.0,25.0,28.0,23.0,23.0,99.0,False,,False
"A4, B4, C3, D4, E3",23.0,25.0,29.0,24.0,23.0,101.0,False,,False
"A4, B4, C4, D1, E1",29.0,67.0,43.0,41.0,29.0,180.0,False,,False
"A4, B4, C4, D1, E2",29.0,51.0,32.0,37.0,29.0,149.0,False,,False
"A4, B4, C4, D1, E3",29.0,51.0,33.0,38.0,29.0,151.0,False,,False
"A4, B4, C4, D2, E1",29.0,45.0,54.0,41.0,29.0,169.0,False,,False
"A4, B4, C4, D2, E2",29.0,29.0,43.0,37.0,29.0,138.0,False,,False
"A4, B4, C4, D2, E3",29.0,29.0,44.0,38.0,29.0,140.0,False,,False
"A4, B4, C4, D3, E1",29.0,43.0,44.0,41.0,29.0,157.0,False,,False
"A4, B4, C4, D3, E2",29.0,27.0,33.0,37.0,27.0,126.0,False,,False
"A4, B4, C4, D3, E3",29.0,27.0,34.0,38.0,27.0,128.0,False,,False
"A4, B4, C4, D4, E1",29.0,47.0,45.0,41.0,29.0,162.0,False,,False
"A4, B4, C4, D4, E2",29.0,31.0,34.0,37.0,29.0,131.0,False,,False
"A4, B4, C4, D4, E3",29.0,31.0,35.0,38.0,29.0,133.0,False,,False
"A4, B4, C5, D1, E1",29.0,61.0,36.0,27.0,27.0,153.0,False,,False
"A4, B4, C5, D1, E2",29.0,45.0,25.0,23.0,23.0,122.0,False,,False
"A4, B4, C5, D1, E3",29.0,45.0,26.0,24.0,24.0,124.0,False,,False
"A4, B4, C5, D2, E1",29.0,39.0,47.0,27.0,27.0,142.0,False,,False
"A4, B4, C5, D2, E2",29.0,23.0,36.0,23.0,23.0,111.0,False,,False
"A4, B4, C5, D2, E3",29.0,23.0,37.0,24.0,23.0,113.0,False,,False
"A4, B4, C5, D3, E1",29.0,37.0,37.0,27.0,27.0,130.0,False,,False
"A4, B4, C5, D3, E2",29.0,21.0,26.0,23.0,21.0,99.0,False,,False
"A4, B4, C5, D3, E3",29.0,21.0,27.0,24.0,21.0,101.0,False,,False
"A4, B4, C5, D4, E1",29.0,41.0,38.0,27.0,27.0,135.0,False,,False
"A4, B4, C5, D4, E2",29.0,25.0,27.0,23.0,23.0,104.0,False,,False
"A4, B4, C5, D4, E3",29.0,25.0,28.0,24.0,24.0,106.0,False,,False
"A4, B5, C1, D1, E1",54.0,60.0,35.0,72.0,35.0,221.0,False,,False
"A4, B5, C1, D1, E2",54.0,44.0,24.0,68.0,24.0,190.0,False,,False
"A4, B5, C1, D1, E3",54.0,44.0,25.0,69.0,25.0,192.0,False,,False
"A4, B5, C1, D2, E1",54.0,38.0,46.0,72.0,38.0,210.0,False,,False
"A4, B5, C1, D2, E2",54.0,22.0,35.0,68.0,22.0,179.0,False,,False
"A4, B5, C1, D2, E3",54.0,22.0,36.0,69.0,22.0,181.0,False,,False
"A4, B5, C1, D3, E1",54.0,36.0,36.0,72.0,36.0,198.0,False,,False
"A4, B5, C1, D3, E2",54.0,20.0,25.0,68.0,20.0,167.0,False,,False
"A4, B5, C1, D3, E3",54.0,20.0,26.0,69.0,20.0,169.0,False,,False
"A4, B5, C1, D4, E1",54.0,40.0,37.0,72.0,37.0,203.0,False,,False
"A4, B5, C1, D4, E2",54.0,24.0,26.0,68.0,24.0,172.0,False,,False
"A4, B5, C1, D4, E3",54.0,24.0,27.0,69.0,24.0,174.0,False,,False
"A4, B5, C2, D1, E1",46.0,65.0,34.0,77.0,34.0,222.0,False,,False
"A4, B5, C2, D1, E2",46.0,49.0,23.0,73.0,23.0,191.0,False,,False
"A4, B5, C2, D1, E3",46.0,49.0,24.0,74.0,24.0,193.0,False,,False
"A4, B5, C2, D2, E1",46.0,43.0,45.0,77.0,43.0,211.0,False,,False
"A4, B5, C2, D2, E2",46.0,27.0,34.0,73.0,27.0,180.0,False,,False
"A4, B5, C2, D2, E3",46.0,27.0,35.0,74.0,27.0,182.0,False,,False
"A4, B5, C2, D3, E1",46.0,41.0,35.0,77.0,35.0,199.0,False,,False
"A4, B5, C2, D3, E2",46.0,25.0,24.0,73.0,24.0,168.0,False,,False
"A4, B5, C2, D3, E3",46.0,25.0,25.0,74.0,25.0,170.0,False,,False
"A4, B5, C2, D4, E1",46.0,45.0,36.0,77.0,36.0,204.0,False,,False
"A4, B5, C2, D4, E2",46.0,29.0,25.0,73.0,25.0,173.0,False,,False
"A4, B5, C2, D4, E3",46.0,29.0,26.0,74.0,26.0,175.0,False,,False
"A4, B5, C3, D1, E1",42.0,62.0,34.0,73.0,34.0,211.0,False,,False
"A4, B5, C3, D1, E2",42.0,46.0,23.0,69.0,23.0,180.0,False,,False
"A4, B5, C3, D1, E3",42.0,46.0,24.0,70.0,24.0,182.0,False,,False
"A4, B5, C3, D2, E1",42.0,40.0,45.0,73.0,40.0,200.0,False,,False
"A4, B5, C3, D2, E2",42.0,24.0,34.0,69.0,24.0,169.0,False,,False
"A4, B5, C3, D2, E3",42.0,24.0,35.0,70.0,24.0,171.0,False,,False
"A4, B5, C3, D3, E1",42.0,38.0,35.0,73.0,35.0,188.0,False,,False
"A4, B5, C3, D3, E2",42.0,22.0,24.0,69.0,22.0,157.0,False,,False
"A4, B5, C3, D3, E3",42.0,22.0,25.0,70.0,22.0,159.0,False,,False
"A4, B5, C3, D4, E1",42.0,42.0,36.0,73.0,36.0,193.0,False,,False
"A4, B5, C3, D4, E2",42.0,26.0,25.0,69.0,25.0,162.0,False,,False
"A4, B5, C3, D4, E3",42.0,26.0,26.0,70.0,26.0,164.0,False,,False
"A4, B5, C4, D1, E1",48.0,68.0,40.0,87.0,40.0,243.0,False,,False
"A4, B5, C4, D1, E2",48.0,52.0,29.0,83.0,29.0,212.0,False,,False
"A4, B5, C4, D1, E3",48.0,52.0,30.0,84.0,30.0,214.0,False,,False
"A4, B5, C4, D2, E1",48.0,46.0,51.0,87.0,46.0,232.0,False,,False
"A4, B5, C4, D2, E2",48.0,30.0,40.0,83.0,30.0,201.0,False,,False
"A4, B5, C4, D2, E3",48.0,30.0,41.0,84.0,30.0,203.0,False,,False
"A4, B5, C4, D3, E1",48.0,44.0,41.0,87.0,41.0,220.0,False,,False
"A4, B5, C4, D3, E2",48.0,28.0,30.0,83.0,28.0,189.0,False,,False
"A4, B5, C4, D3, E3",48.0,28.0,31.0,84.0,28.0,191.0,False,,False
"A4, B5, C4, D4, E1",48.0,48.0,42.0,87.0,42.0,225.0,False,,False
"A4, B5, C4, D4, E2",48.0,32.0,31.0,83.0,31.0,194.0,False,,False
"A4, B5, C4, D4, E3",48.0,32.0,32.0,84.0,32.0,196.0,False,,False
"A4, B5, C5, D1, E1",48.0,62.0,33.0,73.0,33.0,216.0,False,,False
"A4, B5, C5, D1, E2",48.0,46.0,22.0,69.0,22.0,185.0,False,,False
"A4, B5, C5, D1, E3",48.0,46.0,23.0,70.0,23.0,187.0,False,,False
"A4, B5, C5, D2, E1",48.0,40.0,44.0,73.0,40.0,205.0,False,,False
"A4, B5, C5, D2, E2",48.0,24.0,33.0,69.0,24.0,174.0,False,,False
"A4, B5, C5, D2, E3",48.0,24.0,34.0,70.0,24.0,176.0,False,,False
"A4, B5, C5, D3, E1",48.0,38.0,34.0,73.0,34.0,193.0,False,,False
"A4, B5, C5, D3, E2",48.0,22.0,23.0,69.0,22.0,162.0,False,,False
"A4, B5, C5, D3, E3",48.0,22.0,24.0,70.0,22.0,164.0,False,,False
"A4, B5, C5, D4, E1",48.0,42.0,35.0,73.0,35.0,198.0,False,,False
"A4, B5, C5, D4, E2",48.0,26.0,24.0,69.0,24.0,167.0,False,,False
"A4, B5, C5, D4, E3",48.0,26.0,25.0,70.0,25.0,169.0,False,,False
